ID Produk;Nama Produk;Kategori Kata Kunci;Nama Pelaku Usaha;No Sertifikat;Tanggal Terbit Sertifikat
PRD-001;Minuman Serbuk Rasa Cokelat (Chocolate Latte);Cokelat;PT ESTEH INDONESIA MAKMUR;ID32110001350320223;18/06/2026
PRD-002;PUDING COKELAT;Cokelat;SPPG KOTA TERNATE TENGAH SANTIONG;ID35110075739200526;27/05/2026
PRD-003;Pao Kukus Rasa Cokelat (Steam Pao) (WeiWang);Cokelat;PT. ELSON BERNARDI;ID35410068255790526;14/05/2026
PRD-004;Mini Pao Rasa Cokelat (WeiWang);Cokelat;PT. ELSON BERNARDI;ID35410068255790526;14/05/2026
PRD-005;Kopi Rindu - Sirup Rasa Manuka Honey/Honey Manuka/Madu Manuka;Sirup;PT. KARYA CIPTA AROMA;ID31110024199210725;08/06/2026
PRD-006;Kopi Rindu - Sirup Rasa Peppermint/Mint/Daun Mint;Sirup;PT. KARYA CIPTA AROMA;ID31110024199210725;08/06/2026
PRD-007;Kopi Rindu - Sirup Rasa White Chocolate/Cokelat Putih;Sirup;PT. KARYA CIPTA AROMA;ID31110024199210725;08/06/2026
PRD-008;Kopi Rindu - Sirup Rasa Mixberry/Mix Berry;Sirup;PT. KARYA CIPTA AROMA;ID31110024199210725;08/06/2026
PRD-009;Jago - Sirup Rasa Elder/Elder Flower/Bunga Elder;Sirup;PT. KARYA CIPTA AROMA;ID31110024199210725;08/06/2026
PRD-010;Jago - Sirup Rasa Manuka Honey/Honey Manuka/Madu Manuka;Sirup;PT. KARYA CIPTA AROMA;ID31110024199210725;08/06/2026
PRD-011;Jago - Sirup Rasa Peppermint/Mint/Daun Mint;Sirup;PT. KARYA CIPTA AROMA;ID31110024199210725;08/06/2026
PRD-012;Jago - Sirup Rasa White Chocolate/Cokelat Putih;Sirup;PT. KARYA CIPTA AROMA;ID31110024199210725;08/06/2026
PRD-013;Jago - Sirup Rasa Mixberry/Mix Berry;Sirup;PT. KARYA CIPTA AROMA;ID31110024199210725;08/06/2026
PRD-014;Luuca - Sirup Rasa Elder/Elder Flower/Bunga Elder;Sirup;PT. KARYA CIPTA AROMA;ID31110024199210725;08/06/2026
PRD-015;Sirup;Sirup;KOPERASI JASA WANITA PATRA DUMAI;ID00220000233360321;20/03/2026
PRD-016;Sirup Berperisa Leci Merk Quick Fresh;Sirup;PT. JAYA PUTRA DEWATA;ID35210049844690326;20/03/2026
PRD-017;Tsamarot Temu Kunci In Sirup;Sirup;PT. TSAMAROT INDONESIA;ID31110043572090226;22/02/2026
PRD-018;Tsamarot Temulawak In Sirup;Sirup;PT. TSAMAROT INDONESIA;ID31110043572090226;22/02/2026
PRD-019;Tsamarot Timun Suri In Sirup;Sirup;PT. TSAMAROT INDONESIA;ID31110043572090226;22/02/2026
PRD-020;Tsamarot Tomato In Sirup;Sirup;PT. TSAMAROT INDONESIA;ID31110043572090226;22/02/2026
PRD-021;Tsamarot Turmeric In Sirup;Sirup;PT. TSAMAROT INDONESIA;ID31110043572090226;22/02/2026
PRD-022;Tsamarot Watermelon In Sirup;Sirup;PT. TSAMAROT INDONESIA;ID31110043572090226;22/02/2026
PRD-023;Tsamarot Yellow Pumpkin In Sirup;Sirup;PT. TSAMAROT INDONESIA;ID31110043572090226;22/02/2026
PRD-024;Tsamarot Yuzu In Sirup;Sirup;PT. TSAMAROT INDONESIA;ID31110043572090226;22/02/2026
PRD-025;POP MIE Mi Instan Cup Rasa Soto Ayam;Mie Instan;PT. Indofood CBP Sukses Makmur Tbk Divisi Noodle;ID00410000128040721;29/11/2024
PRD-026;POP MIE Mi Instan Cup Rasa Kari Ayam;Mie Instan;PT. Indofood CBP Sukses Makmur Tbk Divisi Noodle;ID00410000128040721;29/11/2024
PRD-027;POP MIE Mi Instan Cup Rasa Ayam Bawang;Mie Instan;PT. Indofood CBP Sukses Makmur Tbk Divisi Noodle;ID00410000128040721;29/11/2024
PRD-028;POP MIE Mi Instan Cup Rasa Mi Goreng Spesial;Mie Instan;PT. Indofood CBP Sukses Makmur Tbk Divisi Noodle;ID00410000128040721;29/11/2024
PRD-029;POP MIE Mi Instan Cup Rasa Ayam;Mie Instan;PT. Indofood CBP Sukses Makmur Tbk Divisi Noodle;ID00410000128040721;29/11/2024
PRD-030;POP MIE Mi Instan Cup Rasa Baso;Mie Instan;PT. Indofood CBP Sukses Makmur Tbk Divisi Noodle;ID00410000128040721;29/11/2024
PRD-031;POP MIE Mi Instan Cup Rasa Soto Ayam;Mie Instan;PT. Indofood CBP Sukses Makmur Tbk Divisi Noodle;ID00410000128040721;29/11/2024
PRD-032;POP MIE Mi Instan Cup Rasa Kari Ayam;Mie Instan;PT. Indofood CBP Sukses Makmur Tbk Divisi Noodle;ID00410000128040721;29/11/2024
PRD-033;POP MIE Mi Instan Cup Rasa Ayam Bawang;Mie Instan;PT. Indofood CBP Sukses Makmur Tbk Divisi Noodle;ID00410000128040721;29/11/2024
PRD-034;POP MIE Mi Instan Cup Rasa Mi Goreng Spesial;Mie Instan;PT. Indofood CBP Sukses Makmur Tbk Divisi Noodle;ID00410000128040721;29/11/2024
PRD-035;Seasoning Mie Sedaap Instant Mi Goreng Rasa Ayam Krispi Series ( Powder, Oil, Garnish );Mie Instan;PT. Prakarsa Alam Segar;ID00410000055831220;20/09/2024
PRD-036;Seasoning Mie Sedaap Instant Mi Kuah Rasa Baso Spesial Series ( Powder, Oil, Garnish, Sayuran Kering );Mie Instan;PT. Prakarsa Alam Segar;ID00410000055831220;20/09/2024
PRD-037;Seasoning Mie Sedaap Instant Mi Kuah Instan Rasa White Curry Series ( Powder, Oil, Creamer );Mie Instan;PT. Prakarsa Alam Segar;ID00410000055831220;20/09/2024
PRD-038;Seasoning Mie Sedaap Instant - Mi Goreng Rasa Ayam Pedas Ala Korea (Korean Spicy Chicken) Series ( Powder, Oil, Garnish );Mie Instan;PT. Prakarsa Alam Segar;ID00410000055831220;20/09/2024
PRD-039;Seasoning Mie Sedaap Instant - Mi Instan Kuah Rasa Ayam Pedas Ala Korea (Korean Spicy Soup) Series ( Powder, Oil, Garnish );Mie Instan;PT. Prakarsa Alam Segar;ID00410000055831220;20/09/2024
PRD-040;POP MIE Mi Instan Cup Ramyeon Goreng Rasa Ayam Pedas Ala Korea;Mie Instan;PT. Indofood CBP Sukses Makmur Tbk Divisi Noodle;ID00410000128040721;13/05/2024
PRD-041;POP MIE Mi Instan Cup Ramyeon Kuah Rasa Sup Jamur Pedas Ala Korea;Mie Instan;PT. Indofood CBP Sukses Makmur Tbk Divisi Noodle;ID00410000128040721;13/05/2024
PRD-042;POP MIE Mi Instan Cup Ramyeon Goreng Rasa Ayam Pedas Ala Korea;Mie Instan;PT. Indofood CBP Sukses Makmur Tbk Divisi Noodle;ID00410000128040721;13/05/2024
PRD-043;POP MIE Mi Instan Cup Ramyeon Kuah Rasa Sup Jamur Pedas Ala Korea;Mie Instan;PT. Indofood CBP Sukses Makmur Tbk Divisi Noodle;ID00410000128040721;13/05/2024
PRD-044;POP MIE Mi Instan Cup Ramyeon Goreng Rasa Ayam Pedas Ala Korea;Mie Instan;PT. Indofood CBP Sukses Makmur Tbk Divisi Noodle;ID00410000128040721;13/05/2024
PRD-045;POP MIE Mi Instan Cup Ramyeon Kuah Rasa Sup Jamur Pedas Ala Korea;Mie Instan;PT. Indofood CBP Sukses Makmur Tbk Divisi Noodle;ID00410000128040721;13/05/2024
PRD-046;POP MIE Mi Instan Cup Ramyeon Goreng Rasa Ayam Pedas Ala Korea;Mie Instan;PT. Indofood CBP Sukses Makmur Tbk Divisi Noodle;ID00410000128040721;13/05/2024
PRD-047;POP MIE Mi Instan Cup Ramyeon Kuah Rasa Sup Jamur Pedas Ala Korea;Mie Instan;PT. Indofood CBP Sukses Makmur Tbk Divisi Noodle;ID00410000128040721;13/05/2024
PRD-048;POP MIE Mi Instan Cup Ramyeon Goreng Rasa Ayam Pedas Ala Korea;Mie Instan;PT. Indofood CBP Sukses Makmur Tbk Divisi Noodle;ID00410000128040721;13/05/2024
PRD-049;POP MIE Mi Instan Cup Ramyeon Kuah Rasa Sup Jamur Pedas Ala Korea;Mie Instan;PT. Indofood CBP Sukses Makmur Tbk Divisi Noodle;ID00410000128040721;13/05/2024
PRD-050;POP MIE Mi Instan Cup Rasa Sup Ayam;Mie Instan;PT. Indofood CBP Sukses Makmur Tbk Divisi Noodle;ID00410000128040721;23/11/2023
PRD-051;POP MIE Mi Instan Cup Kuah Pedas Dower Rasa Pangsit Jontor;Mie Instan;PT. Indofood CBP Sukses Makmur Tbk Divisi Noodle;ID00410000128040721;23/11/2023
PRD-052;POP MIE Mi Instan Cup Goreng Rasa Indomie Mi Goreng;Mie Instan;PT. Indofood CBP Sukses Makmur Tbk Divisi Noodle;ID00410000128040721;23/11/2023
PRD-053;POP MIE Mi Instan Cup Goreng Pedas Rasa Ayam Geprek;Mie Instan;PT. Indofood CBP Sukses Makmur Tbk Divisi Noodle;ID00410000128040721;23/11/2023
PRD-054;POP MIE Mi Instan Cup Rasa Sup Ayam;Mie Instan;PT. Indofood CBP Sukses Makmur Tbk Divisi Noodle;ID00410000128040721;23/11/2023
PRD-055;POP MIE Mi Instan Cup Kuah Pedas Dower Rasa Pangsit Jontor;Mie Instan;PT. Indofood CBP Sukses Makmur Tbk Divisi Noodle;ID00410000128040721;23/11/2023
PRD-056;POP MIE Mi Instan Cup Goreng Rasa Indomie Mi Goreng;Mie Instan;PT. Indofood CBP Sukses Makmur Tbk Divisi Noodle;ID00410000128040721;23/11/2023
PRD-057;POP MIE Mi Instan Cup Ramen Kuah Shoyu Rasa Ayam;Mie Instan;PT. INDOFOOD CBP SUKSES MAKMUR;ID00410000282150522;13/04/2023
PRD-058;POP MIE Mi Instan Cup Ramen Kuah Miso Rasa Ayam;Mie Instan;PT. INDOFOOD CBP SUKSES MAKMUR;ID00410000282150522;13/04/2023
PRD-059;POP MIE Mi Instan Cup Ramen Goreng Rasa Takoyaki;Mie Instan;PT. INDOFOOD CBP SUKSES MAKMUR;ID00410000282150522;13/04/2023
PRD-060;POP MIE Mi Instan Cup Ramen Kuah Shoyu Rasa Ayam;Mie Instan;PT. INDOFOOD CBP SUKSES MAKMUR;ID00410000282150522;13/04/2023
PRD-061;POP MIE Mi Instan Cup Ramen Kuah Miso Rasa Ayam;Mie Instan;PT. INDOFOOD CBP SUKSES MAKMUR;ID00410000282150522;13/04/2023
PRD-062;POP MIE Mi Instan Cup Ramen Goreng Rasa Takoyaki;Mie Instan;PT. INDOFOOD CBP SUKSES MAKMUR;ID00410000282150522;13/04/2023
PRD-063;MIE GORENG INSTAN MERK INDOMIE;Mie Instan;PT. REVANA 3AND JAYA;ID00110004978041222;06/04/2023
PRD-064;MIE INSTAN RASA BASO MERK INDOMIE;Mie Instan;PT. REVANA 3AND JAYA;ID00110004978041222;06/04/2023
PRD-065;MIE INSTAN RASA KARI AYAM;Mie Instan;PT. REVANA 3AND JAYA;ID00110004978041222;06/04/2023
PRD-066;Kopi Alas Semerak BU LEGI;Kopi;LEGI FOOD MAJUMAPAN;ID33110076787000626;20/06/2026
PRD-067;TORU Beans Orange Soda - Kopi Arabika;Kopi;CV VITA GRATIA;ID33210076757400626;20/06/2026
PRD-068;TORU Beans Violet Bloom - Kopi Arabika;Kopi;CV VITA GRATIA;ID33210076757400626;20/06/2026
PRD-069;TORU Beans Raspberry Tart - Kopi Arabika;Kopi;CV VITA GRATIA;ID33210076757400626;20/06/2026
PRD-070;TORU Beans Hokkaido Melon Ice Cream - Kopi Arabika;Kopi;CV VITA GRATIA;ID33210076757400626;20/06/2026
PRD-071;TORU Beans Project Plum - Kopi Arabika;Kopi;CV VITA GRATIA;ID33210076757400626;20/06/2026
PRD-072;Tahu Goreng Saus Sambal;Saus Sambal;SPPG KOTA MATARAM SELAPARANG MONJOK TIMUR YAYASAN SEKOLAH ISLAM AT TAHWIL;ID52110076758420626;19/06/2026
PRD-073;Saus Sambal;Saus Sambal;SPPG PIPITAN 001;ID36210076593870626;15/06/2026
PRD-074;Saus Sambal Cap Kelong;Saus Sambal;UD FAJAR CEMERLANG;ID18110076461450626;13/06/2026
PRD-075;Saus Sambal Cap Raja Kelong;Saus Sambal;UD FAJAR CEMERLANG;ID18110076461450626;13/06/2026
PRD-076;Saus Sambal Cap Karomah;Saus Sambal;UD FAJAR CEMERLANG;ID18110076461450626;13/06/2026
PRD-077;Nasi Ayam Geprek KRISPI Saus Kecombrang + Sambal - Hangry;Saus Sambal;PT MODULAR KULINER INDONESIA;ID00410019547750323;16/02/2026
PRD-078;Nasi 2 Ayam Geprek KRISPI Saus Kecombrang + Sambal - Hangry;Saus Sambal;PT MODULAR KULINER INDONESIA;ID00410019547750323;16/02/2026
PRD-079;Nasi Ayam Geprek Boneless Saus Kecombrang + Sambal - Hangry;Saus Sambal;PT MODULAR KULINER INDONESIA;ID00410019547750323;16/02/2026
PRD-080;Nasi Sayap KRISPI Saus Kecombrang + Sambal - Hangry;Saus Sambal;PT MODULAR KULINER INDONESIA;ID00410019547750323;16/02/2026
PRD-081;Nasi Ayam Goreng Saus Kecombrang + Sambal - Hangry;Saus Sambal;PT MODULAR KULINER INDONESIA;ID00410019547750323;16/02/2026
PRD-082;Nasi 2 Ayam Goreng Saus Kecombrang + Sambal - Hangry;Saus Sambal;PT MODULAR KULINER INDONESIA;ID00410019547750323;16/02/2026
PRD-083;Nasi Ayam Fillet KRISPI Saus Kecombrang + Sambal - Hangry;Saus Sambal;PT MODULAR KULINER INDONESIA;ID00410019547750323;16/02/2026
PRD-084;Nasi Ayam Popcorn KRISPI Saus Kecombrang + Sambal - Hangry;Saus Sambal;PT MODULAR KULINER INDONESIA;ID00410019547750323;16/02/2026
PRD-085;Value Bowl Saus Kecombrang A + Sambal - Hangry;Saus Sambal;PT MODULAR KULINER INDONESIA;ID00410019547750323;16/02/2026
PRD-086;Value Bowl Saus Kecombrang B + Sambal - Hangry;Saus Sambal;PT MODULAR KULINER INDONESIA;ID00410019547750323;16/02/2026
PRD-087;Saus Sambal;Saus Sambal;DAPUR SPPG SINJAI, SINJAI TIMUR PASIMARANNU;ID73110034398621125;19/11/2025
PRD-088;PASTA SAUS SAMBAL MATAH;Saus Sambal;SPPG TENAYAN RAYA TANGKERANG TIMUR 3 (DAPUR NUSAIBAH);ID14110034274461125;18/11/2025
PRD-089;Saus Sambal BU LANI;Saus Sambal;PT MURIA PANGAN JAYA MAKMUR;ID33310034061541125;15/11/2025
PRD-090;Saus Sambal Mangga BU LANI;Saus Sambal;PT MURIA PANGAN JAYA MAKMUR;ID33310034061541125;15/11/2025
PRD-091;Saus Sambal;Saus Sambal;SPPG PURWOREJO PURWOREJO PANGENJURUTENGAH;ID33210034062271125;15/11/2025
PRD-092;CIKCIK FRENCH FRIES - RASA ORIGINAL SAUS SAMBAL;Saus Sambal;CV TROPIKA PERMATA INDAH;ID33110019441090824;15/11/2025
PRD-093;Saus Sambal;Saus Sambal;PT HAPPY DINING SOLUTION – OTI FRIED CHICKEN;ID33210022190510525;15/05/2025
PRD-094;Saus Sambal Sachet;Saus Sambal;PT HAPPY DINING SOLUTION – OTI FRIED CHICKEN;ID33210022190510525;15/05/2025
PRD-095;JOWENS Garlic Chilli (Saus Sambal Bawang Putih);Saus Sambal;PT. ALAM KAYA NUTRISI;ID12210019421500224;31/07/2024
PRD-096;JOWENS JI LONG BBQ CHILLI (Saus Sambal BBQ);Saus Sambal;PT. ALAM KAYA NUTRISI;ID12210019421500224;31/07/2024
PRD-097;Saus Sambal Smoke BBQ;Saus Sambal;PT. PRISTINE PRIMA LESTARI;ID00410019164180624;18/07/2024
PRD-098;Saus Sambal Kimchi;Saus Sambal;PT. PRISTINE PRIMA LESTARI;ID00410019164180624;18/07/2024
PRD-099;Saus Sambal Habanero;Saus Sambal;PT. PRISTINE PRIMA LESTARI;ID00410019164180624;18/07/2024
PRD-100;Saus Sambal Jalapeno;Saus Sambal;PT. PRISTINE PRIMA LESTARI;ID00410019164180624;18/07/2024
PRD-101;AKUSUKA SRUUT Keripik Emping Lapis Saus Rasa Sambal Udang/Sambal Terasi (Glazed Melinjo Chips Shrimp Sambal/Shrimp Paste Chili/Shrimp Paste Salsa/Spicy Shrimp Paste/Sauce Flavour);Saus Sambal;CV. ARIRA PANGINDO;ID00310001936471222;06/04/2023
PRD-102;AKUSUKA SRUUT Keripik Emping Lapis Saus Rasa Saus Padang/Saus Sambal Padang (Glazed Melinjo Chips Padang Sauce/Padang Chili Sauce/Padang Chili/Padang Salsa/Spicy Padang Paste/Sauce Flavour;Saus Sambal;CV. ARIRA PANGINDO;ID00310001936471222;06/04/2023
PRD-103;AKUSUKA SRUUT Keripik Emping Lapis Saus Rasa Saus Thailand/Saus Sambal Thailand (Glazed Melinjo Chips Thailand Chili/Thailand Chili Sauce/Thailand Dipping Sauce Paste/Sauce Flavour);Saus Sambal;CV. ARIRA PANGINDO;ID00310001936471222;06/04/2023
PRD-104;AKUSUKA SRUUT Keripik Emping Lapis Saus Rasa Sambal Bangkok (Glazed Melinjo Chips Bangkok Sambal/Bangkok Chili Paste/Spicy Bangkok Paste/Sauce Flavour);Saus Sambal;CV. ARIRA PANGINDO;ID00310001936471222;06/04/2023
PRD-105;AKUSUKA SRUUT Keripik Emping Lapis Saus Rasa Pedas Daun Jeruk/Sambal Daun Jeruk/Daun Jeruk (Glazed Melinjo Chips Spicy Lime Leaves/Lime Leaves Chili/Lime Leaves Paste/Sauce Flavour);Saus Sambal;CV. ARIRA PANGINDO;ID00310001936471222;06/04/2023
PRD-106;AKUSUKA SRUUT Keripik Emping Lapis Saus Rasa Ayam Sambal Goreng (Glazed Melinjo Chips Fried Chili Chicken Flavour);Saus Sambal;CV. ARIRA PANGINDO;ID00310001936471222;06/04/2023
PRD-107;KUSUKA/KRIPSI/AKUSUKA/PROFESSOR Keripik Talas Lapis Saus Rasa Sambal Bawang (Glazed Taro/Yam Chips Chili Garlic/Spicy Garlic/Garlic Sambal/Spicy Garlic Salsa/Paste/Sauce Flavour);Saus Sambal;CV. ARIRA PANGINDO;ID00310001936471222;06/04/2023
PRD-108;KUSUKA/KRIPSI/AKUSUKA/PROFESSOR Keripik Talas Lapis Saus Rasa Sambal Geprek (Glazed Taro/Yam Chips Geprek Sambal/Geprek Chili/Spicy Geprek/Spicy Geprek Salsa/Paste/Sauce Flavour);Saus Sambal;CV. ARIRA PANGINDO;ID00310001936471222;06/04/2023
PRD-109;KUSUKA/KRIPSI/AKUSUKA/PROFESSOR Keripik Talas Lapis Saus Rasa Sambal Rujak (Glazed Taro/Yam Chips Rujak Sambal/Chili/Spicy Salad/Rujak Chili/Spicy Rujak/Salad Salsa/Paste/Sauce Flavour);Saus Sambal;CV. ARIRA PANGINDO;ID00310001936471222;06/04/2023
PRD-110;KUSUKA/KRIPSI/AKUSUKA/PROFESSOR Keripik Talas Lapis Saus Rasa Sambal Rica-Rica (Glazed Taro/Yam Chips Rica-Rica Sambal/Rica-Rica Chili/Rica-Rica Salsa/Spicy Rica-Rica Paste/Sauce Flavour);Saus Sambal;CV. ARIRA PANGINDO;ID00310001936471222;06/04/2023
PRD-111;RED1 Saus Sambal Pedas Manis;Saus Sambal;PT. SPARINDO FOOD;ID00210000237000122;17/03/2022
PRD-112;RED1 Saus Sambal Extra Pedas;Saus Sambal;PT. SPARINDO FOOD;ID00210000237000122;17/03/2022
PRD-113;Sakijan Saus Sambal;Saus Sambal;PT. SPARINDO FOOD;ID00210000237000122;17/03/2022
PRD-114;Arabian Saus Sambal;Saus Sambal;PT. SPARINDO FOOD;ID00210000237000122;17/03/2022
PRD-115;RED1 Saus Sambal;Saus Sambal;PT. SPARINDO FOOD;ID00210000237000122;17/03/2022
PRD-116;Delima Saus Sambal;Saus Sambal;PT. SPARINDO FOOD;ID00210000237000122;17/03/2022
PRD-117;Bandar Saus Sambal;Saus Sambal;PT. SPARINDO FOOD;ID00210000237000122;17/03/2022
PRD-118;Mamika Saus Sambal;Saus Sambal;PT. SPARINDO FOOD;ID00210000237000122;17/03/2022
PRD-119;d'Besto Saus Sambal Dbesto;Saus Sambal;PT. SPARINDO FOOD;ID00210000237000122;17/03/2022
PRD-120;d'Fresto Saus Sambal;Saus Sambal;PT. SPARINDO FOOD;ID00210000237000122;17/03/2022
PRD-121;Saus Sambal Sukiyaki AAA;Saus Sambal;CV. Subur Jaya Abadi;ID35310000034150620;12/11/2020
PRD-122;Saus Sambal Untuk Mie Ayam;Saus Sambal;CV. Subur Jaya Abadi;ID35310000034150620;12/11/2020
PRD-123;Del Monte Saus Sambal Ekstra Pedas (Extra Hot Chili Sauce);Saus Sambal;PT Lasallefood Indonesia;ID00410000010680420;01/09/2020
PRD-124;Del Monte Saus Sambal (Chilli Sauce);Saus Sambal;PT Lasallefood Indonesia;ID00410000010680420;01/09/2020
PRD-125;Del Monte Saus Sambal Manis (Sweet Chili Sauce);Saus Sambal;PT Lasallefood Indonesia;ID00410000010680420;01/09/2020
PRD-126;Del Monte Saus Sambal (Tasty Chili Sauce);Saus Sambal;PT Lasallefood Indonesia;ID00410000010680420;01/09/2020
PRD-127;KIKO Saus Sambal;Saus Sambal;PT Lasallefood Indonesia;ID00410000010680420;01/09/2020
PRD-128;A&W Saus Sambal (Chili Sauce);Saus Sambal;PT Lasallefood Indonesia;ID00410000010680420;01/09/2020
PRD-129;ACK Fried Chicken Saus Sambal (Chili Sauce);Saus Sambal;PT Lasallefood Indonesia;ID00410000010680420;01/09/2020
PRD-130;Burger King Saus Sambal;Saus Sambal;PT Lasallefood Indonesia;ID00410000010680420;01/09/2020
PRD-131;Ayam bumbu kecap;Kecap;SPPG Brebes Losari Bojongsari;ID33210076795840626;20/06/2026
PRD-132;Tahu Kecap;Kecap;SPPG PATI SUKOLILO CENGKALSEWU;ID33110076767060626;20/06/2026
PRD-133;Telur Kecap;Kecap;SPPG PATI SUKOLILO CENGKALSEWU;ID33110076767060626;20/06/2026
PRD-134;Telur Puyuh Kecap;Kecap;SPPG PATI SUKOLILO CENGKALSEWU;ID33110076767060626;20/06/2026
PRD-135;Ayam Kecap;Kecap;SPPG PEKALONGAN TIRTO SIDOREJO 2;ID33210076758750626;20/06/2026
PRD-136;Nasi Goreng Kecap;Kecap;SPPG PEKALONGAN TIRTO SIDOREJO 2;ID33210076758750626;20/06/2026
PRD-137;Bakso Kecap;Kecap;SPPG PEKALONGAN TIRTO SIDOREJO 2;ID33210076758750626;20/06/2026
PRD-138;Bakso Kecap;Kecap;SPPG Semarang Bergas Bergas Kidul;ID33110076786880626;20/06/2026
PRD-139;Galantin Bumbu Kecap;Kecap;SPPG Semarang Bergas Bergas Kidul;ID33110076786880626;20/06/2026
PRD-140;Oseng Tahu Kecap;Kecap;SPPG Semarang Bergas Bergas Kidul;ID33110076786880626;20/06/2026
PRD-141;"Ayam Kecap ""SPPG BATANG WARUNGASEM KALIWARENG""";Kecap;SPPG BATANG WARUNGASEM KALIWARENG;ID33110076787050626;19/06/2026
PRD-142;"Oseng Tahu Kecap ""SPPG BATANG WARUNGASEM KALIWARENG""";Kecap;SPPG BATANG WARUNGASEM KALIWARENG;ID33110076787050626;19/06/2026
PRD-143;"Telur Kecap ""SPPG BATANG WARUNGASEM KALIWARENG""";Kecap;SPPG BATANG WARUNGASEM KALIWARENG;ID33110076787050626;19/06/2026
PRD-144;Ayam kecap;Kecap;SPPG BANYUMAS BANYUMAS DAWUHAN;ID33210076786960626;19/06/2026
PRD-145;Tumis telur kecap;Kecap;SPPG BANYUMAS BANYUMAS DAWUHAN;ID33210076786960626;19/06/2026
PRD-146;Oseng tahu kecap;Kecap;SPPG BANYUMAS BANYUMAS DAWUHAN;ID33210076786960626;19/06/2026
PRD-147;Ayam Cincang Kecap;Kecap;SPPG Jepara Kedung Menganti 2;ID33110076786850626;19/06/2026
PRD-148;Ayam kecap;Kecap;SPPG PANINGGARAN PANINGGARAN 2;ID33110076758590626;19/06/2026
PRD-149;Ayam bakar kecap;Kecap;SPPG PANINGGARAN PANINGGARAN 2;ID33110076758590626;19/06/2026
PRD-150;Bakso kecap;Kecap;SPPG PANINGGARAN PANINGGARAN 2;ID33110076758590626;19/06/2026
PRD-151;Telur ceplok bumbu kecap;Kecap;SPPG PELUTAN 001;ID33110076758500626;19/06/2026
PRD-152;Tahu Kecap;Kecap;SPPG KOTA SURAKARTA BANJARSARI MANAHAN 1;ID33110076758250626;19/06/2026
PRD-153;Ayam Kecap;Kecap;SPPG KOTA SURAKARTA BANJARSARI MANAHAN 1;ID33110076758250626;19/06/2026
PRD-154;AYAM KECAP;Kecap;SPPG KLATEN JATINOM BONYOKAN (YAYASAN BRIVINA SEJAHTERA JAYA);ID33110076758170626;19/06/2026
PRD-155;NASI GORENG KECAP;Kecap;SPPG KLATEN JATINOM BONYOKAN (YAYASAN BRIVINA SEJAHTERA JAYA);ID33110076758170626;19/06/2026
PRD-156;Telur Kecap;Kecap;SPPG KLATEN JATINOM BONYOKAN (YAYASAN BRIVINA SEJAHTERA JAYA);ID33110076758170626;19/06/2026
PRD-157;Ayam Kecap;Kecap;SPPG SUKOHARJO MOJOLABAN CANGKOL;ID33110076757330626;19/06/2026
PRD-158;ayam kecap;Kecap;SPPG PASURUAN KRATON SIDOGIRI;ID35110076692610626;18/06/2026
PRD-159;AYAM DADU KECAP _SPPG BANYUWANGI SEMPU JAMBEWANGI 02;Kecap;SPPG BANYUWANGI SEMPU JAMBEWANGI 02;ID35110076692600626;18/06/2026
PRD-160;AYAM KECAP _SPPG BANYUWANGI SEMPU JAMBEWANGI 02;Kecap;SPPG BANYUWANGI SEMPU JAMBEWANGI 02;ID35110076692600626;18/06/2026
PRD-161;Tahu kecap;Kecap;SPPG PASURUAN NGULING WATESTANI 2;ID32110076692590626;18/06/2026
PRD-162;Ayam kecap;Kecap;SPPG PASURUAN NGULING WATESTANI 2;ID32110076692590626;18/06/2026
PRD-163;MIE GORENG KECAP;Kecap;SPPG MOJOKERTO GEDEG SIDOHARJO;ID35110076692580626;18/06/2026
PRD-164;AYAM KECAP;Kecap;SPPG MOJOKERTO GEDEG SIDOHARJO;ID35110076692580626;18/06/2026
PRD-165;Ayam Kecap;Kecap;SPPG Bandung Barat Parongpong Sariwangi 2;ID32110076692570626;18/06/2026
PRD-166;Telur Ceplok Kecap;Kecap;SPPG Bandung Barat Parongpong Sariwangi 2;ID32110076692570626;18/06/2026
PRD-167;Tempe Dadu kecap;Kecap;SPPG Bandung Barat Parongpong Sariwangi 2;ID32110076692570626;18/06/2026
PRD-168;Ayam Kecap;Kecap;SPPG KOTA PEKANBARU LIMA PULUH SEKIP 4;ID31110076651400626;17/06/2026
PRD-169;Ayam Kecap;Kecap;SPPG Kepulauan Meranti Tebing Tinggi Alah Air 3;ID14110076651360626;17/06/2026
PRD-170;Tahu Bumbu Kecap;Kecap;SPPG Pamekasan Palengaan Rombuh 2;ID35110076651340626;17/06/2026
PRD-171;Tongkol Kecap;Kecap;PT. FAN JAYA ABADI;ID35210076651300626;17/06/2026
PRD-172;Tahu Kecap;Kecap;SATUAN PELAYANAN PEMENUHAN GIZI (SPPG) GARUT CIBALONG SIMPANG;ID11110076651280626;17/06/2026
PRD-173;Telur Kecap;Kecap;SATUAN PELAYANAN PEMENUHAN GIZI (SPPG) GARUT CIHURIP JAYAMUKTI;ID32110076651270626;17/06/2026
PRD-174;Tempe Kecap;Kecap;SATUAN PELAYANAN PEMENUHAN GIZI (SPPG) GARUT CIHURIP JAYAMUKTI;ID32110076651270626;17/06/2026
PRD-175;Ayam Kecap;Kecap;SPPG Lombok Tengah Kopang Aik Bual;ID52110076651260626;17/06/2026
PRD-176;Ayam Kecap;Kecap;SPPG TUBAN SINGGAHAN MULYOREJO;ID35110076651130626;17/06/2026
PRD-177;Telur Bumbu Kecap;Kecap;SPPG TUBAN SINGGAHAN MULYOREJO;ID35110076651130626;17/06/2026
PRD-178;Nasi Goreng Kecap;Kecap;SPPG BENGKALIS BANTAN BANTAN TENGAH 2 (YAYASAN KASIH LENTERA KARUNIA ABADI);ID32110076460010626;13/06/2026
PRD-179;Sambal Kecap;Kecap;SPPG BENGKALIS BANTAN BANTAN TENGAH 2 (YAYASAN KASIH LENTERA KARUNIA ABADI);ID32110076460010626;13/06/2026
PRD-180;Ayam Bakar Kecap;Kecap;SPPG BENGKALIS BANTAN BANTAN TENGAH 2 (YAYASAN KASIH LENTERA KARUNIA ABADI);ID32110076460010626;13/06/2026
PRD-181;Telur Kecap;Kecap;SPPG SADAR JAYA (YAYASAN HARAPAN RAYA MANDIRI);ID14110076456250626;13/06/2026
PRD-182;Ayam Kecap Dadu;Kecap;SPPG SIAK MINAS MINAS JAYA (YAYASAN AMANAH GIZI RIAU);ID14110076456200626;13/06/2026
PRD-183;Telur Ceplok Kecap;Kecap;SPPG SIAK MINAS MINAS JAYA (YAYASAN AMANAH GIZI RIAU);ID14110076456200626;13/06/2026
PRD-184;Tahu Kecap;Kecap;SPPG SIAK MINAS MINAS JAYA (YAYASAN AMANAH GIZI RIAU);ID14110076456200626;13/06/2026
PRD-185;Telur Kecap;Kecap;SPPG KAMPAR KAMPAR UTARA MUARA JALAI YAYASAN ROBBY ANTAMA ULANA;ID14110076454020626;13/06/2026
PRD-186;Tahu Kecap;Kecap;SPPG AGAM BANUHAMPU KUBANG PUTIAH;ID13110076377360626;11/06/2026
PRD-187;Ayam Kecap;Kecap;SPPG NEGERI AGUNG;ID16110076291930626;09/06/2026
PRD-188;Telur Ceplok Kecap;Kecap;SPPG NEGERI AGUNG;ID16110076291930626;09/06/2026
PRD-189;Tahu Kecap;Kecap;SPPG NEGERI AGUNG;ID16110076291930626;09/06/2026
PRD-190;Ayam Kecap;Kecap;SPPG BATURADEN 02 LUBUK RAJA;ID16110076291870626;09/06/2026
PRD-191;Ayam kecap;Kecap;SPPG WARNA MAKMUR;ID16110076291810626;09/06/2026
PRD-192;Tumis Tempe Kecap;Kecap;SPPG WARNA MAKMUR;ID16110076291810626;09/06/2026
PRD-193;Ayam Kecap Palembang;Kecap;SPPG JAGARAGA;ID16110076291390626;09/06/2026
PRD-194;Telur Ceplok Kecap;Kecap;SPPG JAGARAGA;ID16110076291390626;09/06/2026
PRD-195;Tempe Tumis Kecap;Kecap;SPPG JAGARAGA;ID16110076291390626;09/06/2026
PRD-196;Ayam Kecap Palembang;Kecap;SPPG TANJUNG DURIAN;ID16110076291230626;09/06/2026
PRD-197;Ayam kecap;Kecap;SPPG TANGERANG PASAR KEMIS PASAR KEMIS 2 (YAYASAN MUAMALAH INSAN BAROKAH);ID36110076170980626;07/06/2026
PRD-198;Ayam Kecap – SPPG CIANJUR TAKOKAK PASAWAHAN 2;Kecap;SPPG CIANJUR TAKOKAK PASAWAHAN 2;ID32110076195830626;07/06/2026
PRD-199;Tahu Bacem Kecap – SPPG CIANJUR TAKOKAK PASAWAHAN 2;Kecap;SPPG CIANJUR TAKOKAK PASAWAHAN 2;ID32110076195830626;07/06/2026
PRD-200;Telor Bumbu Kecap - SPPG CIANJUR TAKOKAK PASAWAHAN 2;Kecap;SPPG CIANJUR TAKOKAK PASAWAHAN 2;ID32110076195830626;07/06/2026
PRD-201;Tahu Kecap SPPG Garut Sucinaraja Sukaratu 4;Kecap;SPPG GARUT SUCINARAJA SUKARATU 4;ID33110076192510626;07/06/2026
PRD-202;Ayam Kentucky Saus keju;Keju;SPPG CIAMIS RANCAH KAWUNGLARANG;ID32110076691920626;19/06/2026
PRD-203;Omelet Keju;Keju;SPPG GARUT CARINGIN SAMUDERAJAYA;ID33110076378470626;12/06/2026
PRD-204;BB - PAKET BAKSO KEJU;Keju;PT CITARASA PRIMA INDONESIA BERJAYA;ID36410022917040625;11/06/2026
PRD-205;BB - KUAH KEJU;Keju;PT CITARASA PRIMA INDONESIA BERJAYA;ID36410022917040625;11/06/2026
PRD-206;BB - ES DURIAN KESEPIAN + KEJU PARUT;Keju;PT CITARASA PRIMA INDONESIA BERJAYA;ID36410022917040625;11/06/2026
PRD-207;WU - INDOMIE UPNORMAL SAUS KEJU + SMOKED BEEF;Keju;PT CITARASA PRIMA INDONESIA BERJAYA;ID36410022917040625;11/06/2026
PRD-208;WU - TAHU SELARAS KEJU;Keju;PT CITARASA PRIMA INDONESIA BERJAYA;ID36410022917040625;11/06/2026
PRD-209;WU - DONAT MANIS KEJU;Keju;PT CITARASA PRIMA INDONESIA BERJAYA;ID36410022917040625;11/06/2026
PRD-210;Air Minum Galon (Mineral);Air Mineral;CV. DIMQUA MEGAH MAKMUR;ID33110076785430626;20/06/2026
PRD-211;AIR MINERAL;Air Mineral;PT KARYA KULINER SILAMPARI;ID16110076790490626;19/06/2026
PRD-212;Air putih mineral;Air Mineral;YAYASAN PEDULI NATUNA PERBATASAN;ID21110057440610426;21/04/2026
PRD-213;Aing Air Mineral 220 mL;Air Mineral;CV. DARUL ULUM ENTREPRENEUR;ID61110057415150426;20/04/2026
PRD-214;Aing Air Mineral 600mL;Air Mineral;CV. DARUL ULUM ENTREPRENEUR;ID61110057415150426;20/04/2026
PRD-215;Aing Air Mineral 330mL;Air Mineral;CV. DARUL ULUM ENTREPRENEUR;ID61110057415150426;20/04/2026
PRD-216;Aing Air Mineral Galon;Air Mineral;CV. DARUL ULUM ENTREPRENEUR;ID61110057415150426;20/04/2026
PRD-217;Aing Air Mineral 150mL;Air Mineral;CV. DARUL ULUM ENTREPRENEUR;ID61110057415150426;20/04/2026
PRD-218;Air Mineral;Air Mineral;CV SUKSES KARYA GEMILANG;ID33210057135950426;18/04/2026
PRD-219;Air Mineral;Air Mineral;PT. PESTA PORA ABADI;ID00410019431770324;08/03/2026
PRD-220;"Air Mineral ""Kudapan Nusantara Food""";Air Mineral;CV KUDAPAN NUSANTARA FOOD;ID33110046724550326;07/03/2026
PRD-221;Air Mineral;Air Mineral;PT NEW MOON JAYA;ID00410046732460326;07/03/2026
PRD-222;Air Mineral dalam kemasan galon merek AIRALAM LITE DARI INDONESIA UNTUK INDONESIA;Air Mineral;PT. BROMO TIRTA LESTARI;ID35410040898000126;29/01/2026
PRD-223;Air Mineral dalam kemasan galon merek BRIGHT;Air Mineral;PT. BROMO TIRTA LESTARI;ID35410040898000126;29/01/2026
PRD-224;Air Mineral dalam kemasan galon merek MONTELUCK;Air Mineral;PT. BROMO TIRTA LESTARI;ID35410040898000126;29/01/2026
PRD-225;Air Mineral dalam kemasan galon merek LUCKYSPRING;Air Mineral;PT. BROMO TIRTA LESTARI;ID35410040898000126;29/01/2026
PRD-226;Air Mineral dalam kemasan galon merek AQUARICH;Air Mineral;PT. BROMO TIRTA LESTARI;ID35410040898000126;29/01/2026
PRD-227;Air Mineral dalam kemasan botol kaca merek ALAMO;Air Mineral;PT. BROMO TIRTA LESTARI;ID35410040898000126;29/01/2026
PRD-228;Air Mineral dalam kemasan botol kaca merek POLAR;Air Mineral;PT. BROMO TIRTA LESTARI;ID35410040898000126;29/01/2026
PRD-229;Air Mineral;Air Mineral;CV. DUTA YULINDRA;ID52210038680781225;31/12/2025
PRD-230;Air Mineral;Air Mineral;PT CITRA RASA BETAWI / Kafe Betawi;ID31210021893040425;31/12/2025
PRD-231;Air Mineral;Air Mineral;CV. BERKAH NUSANTARA SEJAHTERA;ID61210038717211225;31/12/2025
PRD-232;Air Mineral;Air Mineral;PT TALENTA BOGA SEJAHTERA;ID36210035838691225;05/12/2025
PRD-233;NAFFAN Air Mineral Kemasan Cup 220mL;Air Mineral;CV MAZNA ESHAN;ID11110035769681225;04/12/2025
PRD-234;Air Mineral;Air Mineral;PT NAHDI HAKI JAYA;ID36110033606311125;09/11/2025
PRD-235;Air Mineral Cup 200 ml;Air Mineral;PT. ALPATIH MAIQ JAYA;ID52110033601291125;09/11/2025
PRD-236;Air Mineral Cup 220 ml;Air Mineral;PT. ALPATIH MAIQ JAYA;ID52110033601291125;09/11/2025
PRD-237;Air Mineral Botol 330 ml;Air Mineral;PT. ALPATIH MAIQ JAYA;ID52110033601291125;09/11/2025
PRD-238;Air Mineral Botol 600 ml;Air Mineral;PT. ALPATIH MAIQ JAYA;ID52110033601291125;09/11/2025
PRD-239;Air Mineral Botol 1500 ml;Air Mineral;PT. ALPATIH MAIQ JAYA;ID52110033601291125;09/11/2025
PRD-240;AIR MINERAL;Air Mineral;PT TRITUNGGAL ANUGERAH ABADI;ID31210030876931025;16/10/2025
PRD-241;AIR MINERAL;Air Mineral;PT. SAMPOERNA MAKMUR SENTOSA (Ayam Goreng Pahlawan Nusantara);ID35110030870651025;16/10/2025
PRD-242;Air mineral AL-AMIN 1500 ml;Air Mineral;CV. MOCHAMMAD SOLEH HUDI MUHYIDDIN;ID35110027495870925;09/09/2025
PRD-243;Air Mineral;Air Mineral;PT. ENERGY STATION INDONESIA;ID35110027496580925;09/09/2025
PRD-244;Paket Prasmanan - Hemat (Nasi Putih, Olahan Ikan/Ayam/Daging, Olahan Lauk Pendamping, Olahan Mie/Lauk Pendamping, Olahan Sayur/Sop, Olahan Sambal, Kerupuk, Air Mineral);Air Mineral;PT. ENERGY STATION INDONESIA;ID35110027496580925;09/09/2025
PRD-245;Paket Prasmanan - Silver (Olahan Nasi, Olahan Ikan/Ayam/Daging, Olahan Lauk Pendamping, Olahan Mie/Lauk Pendamping, Olahan Sayur/Sop, Olahan Sambal, Kerupuk, Air Mineral);Air Mineral;PT. ENERGY STATION INDONESIA;ID35110027496580925;09/09/2025
PRD-246;Paket Prasmanan - Gold (Olahan Nasi, Olahan Ikan/Ayam/Daging, Olahan Lauk Pendamping, Olahan Mie 50% + Telor 50%, Olahan Sayur/Sop, Olahan Sambal, Kerupuk, Air Mineral, Buah Semangka);Air Mineral;PT. ENERGY STATION INDONESIA;ID35110027496580925;09/09/2025
PRD-247;Paket Prasmanan - Platinum (Olahan Nasi, Olahan Ikan/Daging, Olahan Ayam, Olahan Lauk Pendamping, Olahan Mie 50% + Telor 50%, Olahan Sayur/Sop, Olahan Sambal, Kerupuk, Air Mineral, Buah Semangka);Air Mineral;PT. ENERGY STATION INDONESIA;ID35110027496580925;09/09/2025
PRD-248;Air Mineral;Air Mineral;CV. ALKAY MILI MAKMUR;ID35110027472820925;08/09/2025
PRD-249;Air Mineral Arunika Eatery;Air Mineral;PT KUNINGAN BUMI HIJAU;ID32410024839520725;27/07/2025
PRD-250;Air Mineral;Air Mineral;CV DJOEHOA PACIFIC TEGAL;ID33110024752860725;26/07/2025
PRD-251;Kopi Lepas Haus Coffee Soda Minuman Berkarbonasi Rasa Kopi;Minuman Soda;PT. TIRTA FRESINDO JAYA;ID00410000055901119;14/05/2026
PRD-252;Kopi Lepas Haus Smooth Soda Coffee Minuman Berkarbonasi Rasa Kopi;Minuman Soda;PT. TIRTA FRESINDO JAYA;ID00410000055901119;14/05/2026
PRD-253;Minuman Serbuk Berkarbonat Rasa Susu Soda - Cocopandan;Minuman Soda;PT. CHOICE PLUS MAKMUR;ID00410001515561222;26/09/2024
PRD-254;Minuman Soda Gembira Bao Dimsum;Minuman Soda;CV. ELANG NUSA SEJAHTERA;ID32110019546880824;06/09/2024
PRD-255;Minuman Es Soda Kitna;Minuman Soda;PT. KOPI SELALU BAHAGIA;ID36110019478330524;30/08/2024
PRD-256;MINUMAN SODA - BLUE OCEAN;Minuman Soda;CV. NIKCOLAS JAYA;ID36110001326061022;13/01/2023
PRD-257;MINUMAN SODA - LYCHEE YAKULT;Minuman Soda;CV. NIKCOLAS JAYA;ID36110001326061022;13/01/2023
PRD-258;fanta air minuman soda;Minuman Soda;PT. HARMONI MITRA ENERGI;ID33210001293551222;09/01/2023
PRD-259;Minuman Soda (Coca Cola, Fanta);Minuman Soda;CV. SELERA BOGATAMA;ID52110000517670722;12/10/2022
PRD-260;Yogurt;Yogurt;SPPG TASIKMALAYA SARIWANGI JAYAPUTRA;ID32110076750940626;19/06/2026
PRD-261;JIXIANGHOU/KaiLian/CAOMEIHOU/KAFEIXIONG YOGURT FLAVOR GUMMIES;Yogurt;Jinjiang Luoshan Mingxing Food Factory;ID00410076727030626;19/06/2026
PRD-262;JIXIANGHOU/KaiLian/CAOMEIHOU/KAFEIXIONG YOGURT FLAVOR HARD CANDY;Yogurt;Jinjiang Luoshan Mingxing Food Factory;ID00410076727030626;19/06/2026
PRD-263;JIXIANGHOU/KaiLian/CAOMEIHOU/KAFEIXIONG YOGURT FLAVORED CHOCOLATE;Yogurt;Jinjiang Luoshan Mingxing Food Factory;ID00410076727030626;19/06/2026
PRD-264;Yogurt Creamy 99%;Yogurt;PT YILI INDONESIA DAIRY;ID32410066163670526;04/05/2026
PRD-265;Yogurt 79%;Yogurt;PT YILI INDONESIA DAIRY;ID32410066163670526;04/05/2026
PRD-266;Yogurt 89%;Yogurt;PT YILI INDONESIA DAIRY;ID32410066163670526;04/05/2026
PRD-267;Yogurt 50%;Yogurt;PT YILI INDONESIA DAIRY;ID32410066163670526;04/05/2026
PRD-268;XK/XIAKE/SWEET/SMILE/SUNNY/SHINE/TANGBAIYOU YOGURT FLAVOR GUMMIES;Yogurt;JINJIANG FUYI FOOD CO., LTD.;ID00410066017960526;02/05/2026
PRD-269;XK/XIAKE/SWEET/SMILE/SUNNY/SHINE/TANGBAIYOU STRAWBERRY YOGURT FLAVOR GUMMIES;Yogurt;JINJIANG FUYI FOOD CO., LTD.;ID00410066017960526;02/05/2026
PRD-270;XK/XIAKE/SWEET/SMILE/SUNNY/SHINE/TANGBAIYOU MANGO YOGURT FLAVOR GUMMIES;Yogurt;JINJIANG FUYI FOOD CO., LTD.;ID00410066017960526;02/05/2026
PRD-271;XK/XIAKE/SWEET/SMILE/SUNNY/SHINE/TANGBAIYOU GRAPE YOGURT GUMMIES;Yogurt;JINJIANG FUYI FOOD CO., LTD.;ID00410066017960526;02/05/2026
PRD-272;XK/XIAKE/SWEET/SMILE/SUNNY/SHINE/TANGBAIYOU BLUEBERRY YOGURT FLAVOR GUMMIES;Yogurt;JINJIANG FUYI FOOD CO., LTD.;ID00410066017960526;02/05/2026
PRD-273;XK/XIAKE/SWEET/SMILE/SUNNY/SHINE/TANGBAIYOU YOGURT FLAVOR HARD CANDY;Yogurt;JINJIANG FUYI FOOD CO., LTD.;ID00410066017960526;02/05/2026
PRD-274;Munch'D Peach Yogurt Wafer;Yogurt;PT. SEASONAL SUPPLIES INDONESIA;ID00410000081680221;06/03/2026
PRD-275;Nutini Passion Fruit Yogurt Wafer;Yogurt;PT. SEASONAL SUPPLIES INDONESIA;ID00410000081680221;06/03/2026
PRD-276;Nutini Peach Yogurt Wafer;Yogurt;PT. SEASONAL SUPPLIES INDONESIA;ID00410000081680221;06/03/2026
PRD-277;Seven Eleven Passion Fruit Yogurt Wafer;Yogurt;PT. SEASONAL SUPPLIES INDONESIA;ID00410000081680221;06/03/2026
PRD-278;Seven Eleven Peach Yogurt Wafer;Yogurt;PT. SEASONAL SUPPLIES INDONESIA;ID00410000081680221;06/03/2026
PRD-279;Bratra Passion Fruit Yogurt Wafer;Yogurt;PT. SEASONAL SUPPLIES INDONESIA;ID00410000081680221;06/03/2026
PRD-280;Bratra Peach Yogurt Wafer;Yogurt;PT. SEASONAL SUPPLIES INDONESIA;ID00410000081680221;06/03/2026
PRD-281;Dia Passion Fruit Yogurt Wafer;Yogurt;PT. SEASONAL SUPPLIES INDONESIA;ID00410000081680221;06/03/2026
PRD-282;Dia Peach Yogurt Wafer;Yogurt;PT. SEASONAL SUPPLIES INDONESIA;ID00410000081680221;06/03/2026
PRD-283;Makanan Ringan Ekstrudat Blueberry Yogurt;Yogurt;PT. ALAMII NATURA SEJAHTERA;ID00110001563430123;22/01/2026
PRD-284;Alamii Strawberry Yogurt Puffs;Yogurt;PT. ALAMII NATURA SEJAHTERA;ID00110001563430123;22/01/2026
PRD-285;Heavenly Blush TummYogurt Minuman Yogurt Rasa Sirsak, Belimbing, dan Bayam dengan Potongan Sirsak;Yogurt;PT. HEAVENLY NUTRITION INDONESIA;ID00310000091010121;15/12/2025
PRD-286;Heavenly Blush TummYogurt Minuman Yogurt Rasa Raspberry, Blackberry, dan Brokoli dengan potongan buah Strawberry;Yogurt;PT. HEAVENLY NUTRITION INDONESIA;ID00310000091010121;15/12/2025
PRD-287;Heavenly Blush TummYogurt Minuman Yogurt Rasa Cranberry, Mangga, dan Wortel dengan Potongan Mangga;Yogurt;PT. HEAVENLY NUTRITION INDONESIA;ID00310000091010121;15/12/2025
PRD-288;Heavenly Blush Greek Yogurt Vanilla (New);Yogurt;PT. HEAVENLY NUTRITION INDONESIA;ID00310000091010121;15/12/2025
PRD-289;WALLS POPULAIRE LYCHEE YOGHURT - Es Susu Rasa Leci dan Yogurt;Yogurt;PT THE MAGNUM ICE CREAM INDONESIA;ID36410029355140925;14/12/2025
PRD-290;WALLS POPULAIRE LYCHEE YOGHURT - Es Krim Rasa Leci dan Yogurt;Yogurt;PT THE MAGNUM ICE CREAM INDONESIA;ID36410029355140925;14/12/2025
PRD-291;SYC231387 Yogurt Flavor;Yogurt;GUANGDONG WINCOM FLAVORS & FRAGRANCES CO.,LTD.;ID00410006238460123;14/12/2025
PRD-292;SYC231391 Yogurt Flavor;Yogurt;GUANGDONG WINCOM FLAVORS & FRAGRANCES CO.,LTD.;ID00410006238460123;14/12/2025
PRD-293;KFC60534 Yogurt Powder Flavor;Yogurt;GUANGDONG WINCOM FLAVORS & FRAGRANCES CO.,LTD.;ID00410006238460123;14/12/2025
PRD-294;SYA631397 Yogurt Powder Flavor;Yogurt;GUANGDONG WINCOM FLAVORS & FRAGRANCES CO.,LTD.;ID00410006238460123;14/12/2025
PRD-295;Biokul - Minuman Yogurt Rasa Anggur Jepang (Yogurt Drink Japanese Grape);Yogurt;PT. DIAMOND COLD STORAGE;ID00410001289260722;24/10/2025
PRD-296;Biokul - Minuman Yogurt Rasa Leci (Yogurt Drink Lychee);Yogurt;PT. DIAMOND COLD STORAGE;ID00410001289260722;24/10/2025
PRD-297;Biokul - Minuman Yogurt Rasa Blueberi (Yogurt Drink Blueberry);Yogurt;PT. DIAMOND COLD STORAGE;ID00410001289260722;24/10/2025
PRD-298;Biokul - Minuman Yogurt Rasa Mangga (Yogurt Drink Mango);Yogurt;PT. DIAMOND COLD STORAGE;ID00410001289260722;24/10/2025
PRD-299;Biokul - Minuman Yogurt Plain (Yogurt Drink Plain);Yogurt;PT. DIAMOND COLD STORAGE;ID00410001289260722;24/10/2025
PRD-300;Biokul - Minuman Yogurt Rasa Stroberi (Yogurt Drink Strawberry);Yogurt;PT. DIAMOND COLD STORAGE;ID00410001289260722;24/10/2025
PRD-301;Biokul - To Go Yogurt Rasa Cokelat (Chocolate Yogurt);Yogurt;PT. DIAMOND COLD STORAGE;ID00410001289260722;24/10/2025
PRD-302;Biokul - To Go Yogurt Rasa Yuzu (Yuzu Yogurt);Yogurt;PT. DIAMOND COLD STORAGE;ID00410001289260722;24/10/2025
PRD-303;Biokul - To Go Yogurt Rasa Blueberry (Blueberry Yogurt);Yogurt;PT. DIAMOND COLD STORAGE;ID00410001289260722;24/10/2025
PRD-304;Biokul - To Go Yogurt Rasa Mixberry (Mixberry Yogurt);Yogurt;PT. DIAMOND COLD STORAGE;ID00410001289260722;24/10/2025
PRD-305;KIOKIO JELLY STRAWS Rasa Yogurt dan Buah Bluberi;Yogurt;PT STARFOOD JAYA PRIMA;ID00210001953740223;15/08/2025
PRD-306;KIOKIO JELLY STRAWS Rasa Yogurt dan Buah Mangga;Yogurt;PT STARFOOD JAYA PRIMA;ID00210001953740223;15/08/2025
PRD-307;KIOKIO JELLY STRAWS Rasa Yogurt dan Buah Muscat;Yogurt;PT STARFOOD JAYA PRIMA;ID00210001953740223;15/08/2025
PRD-308;KIOKIO JELLY STRAWS Rasa Yogurt dan Buah Persik;Yogurt;PT STARFOOD JAYA PRIMA;ID00210001953740223;15/08/2025
PRD-309;KIOKIO JELLY STRAWS Rasa Yogurt dan Buah Stroberi;Yogurt;PT STARFOOD JAYA PRIMA;ID00210001953740223;15/08/2025
PRD-310;KIOKIO JELLY STRAWS Rasa Yogurt dan Buah Assorted : Bluberi, Mangga, Muscat, Persik, Stroberi;Yogurt;PT STARFOOD JAYA PRIMA;ID00210001953740223;15/08/2025
PRD-311;YOGURT 63C10663;Yogurt;PT. SCENTIUM FLAVOURS;ID36410001342590123;15/08/2025
PRD-312;Wall’s Feast Pop Strawberry & Yoghurt - Es Krim Rasa Stroberi dan Yogurt Berlapis Cokelat Putih dan Sereal Jagung;Yogurt;PT. UNILEVER INDONESIA TBK;ID00410000227600122;12/08/2025
PRD-313;Buffet Dessert - Frozen Yogurt Strawberry;Yogurt;PT. NAFEEZA RADHYA BOGATAMA (SHABU HACHI, HACHI GRILL);ID00410020765060924;27/06/2025
PRD-314;Buffet Dessert - Frozen Yogurt Mix Berry;Yogurt;PT. NAFEEZA RADHYA BOGATAMA (SHABU HACHI, HACHI GRILL);ID00410020765060924;27/06/2025
PRD-315;Yogurt mini sinian wood;Yogurt;SHANDONG JINYUANBO BIOTECHNOLOGY CO., LTD.;ID00410023114830625;25/06/2025
PRD-316;Yogurt daily nut Rubik's Cube;Yogurt;SHANDONG JINYUANBO BIOTECHNOLOGY CO., LTD.;ID00410023114830625;25/06/2025
PRD-317;Yogurt radix sinian;Yogurt;SHANDONG JINYUANBO BIOTECHNOLOGY CO., LTD.;ID00410023114830625;25/06/2025
PRD-318;Yogurt McCrease;Yogurt;SHANDONG JINYUANBO BIOTECHNOLOGY CO., LTD.;ID00410023114830625;25/06/2025
PRD-319;Stir-fried yogurt with nuts;Yogurt;SHANDONG JINYUANBO BIOTECHNOLOGY CO., LTD.;ID00410023114830625;25/06/2025
PRD-320;Cimory Yogurt Drink Zero Sugar Rasa Buah Tropis (Tropical Fruits Yogurt Drink Zero Sugar);Yogurt;PT. CISARUA MOUNTAIN DAIRY TBK.;ID00410000084480120;25/06/2025
PRD-321;Cimory Yogurt Drink Zero Sugar Rasa Kelapa Vanila (Coconut Vanilla Yogurt Drink Zero Sugar);Yogurt;PT. CISARUA MOUNTAIN DAIRY TBK.;ID00410000084480120;25/06/2025
PRD-322;Cimory Yogurt Drink Zero Sugar Rasa Stroberi Leci (Strawberry Lychee Yogurt Drink Zero Sugar);Yogurt;PT. CISARUA MOUNTAIN DAIRY TBK.;ID00410000084480120;25/06/2025
PRD-323;Zhengyou/z.Yōu Brushed Old Yogurt Candy (with the H in the end of Batch Number);Yogurt;Jinjiang Zhengyou Biotechnology Co., Ltd.;ID00410021647300425;22/04/2025
PRD-324;Zhengyou/z.Yōu Brushed Old Yogurt Candy (Cranberry Flavor) (with the H in the end of Batch Number);Yogurt;Jinjiang Zhengyou Biotechnology Co., Ltd.;ID00410021647300425;22/04/2025
PRD-325;Zhengyou/z.Yōu Brushed Old Yogurt Candy (Blueberry Flavor) (with the H in the end of Batch Number);Yogurt;Jinjiang Zhengyou Biotechnology Co., Ltd.;ID00410021647300425;22/04/2025
PRD-326;YOGURT FLAVORED BEVERAGE (CONCENTRATED);Yogurt;ZHEJIANG QIYINIAO BIOLOGICAL TECHNOLOGY CO., LTD.;ID00410020751721024;21/04/2025
PRD-327;POMELO YOGURT FLAVORED BEVERAGE (CONCENTRATED);Yogurt;ZHEJIANG QIYINIAO BIOLOGICAL TECHNOLOGY CO., LTD.;ID00410020751721024;21/04/2025
PRD-328;Jeli Agar Rasa Mangga dan Yogurt - 2000;Yogurt;PT. TRICHUPI SUKSES KREASI;ID36110001340841122;18/04/2025
PRD-329;Hometown Artisan Dairy Yogurt Rasa Aneka Buah Berry (Mixed Berry Yoghurt) - Pouch;Yogurt;PT. GREAT GIANT PINEAPPLE;ID00410000164140921;09/01/2025
PRD-330;Sunpride Lyfe Yogurt Rasa Aneka Buah Berry (Mixed Berry Yoghurt) - Pouch;Yogurt;PT. GREAT GIANT PINEAPPLE;ID00410000164140921;09/01/2025
PRD-331;Yogurt Rasa Aneka Buah Berry (Mixed Berry Yoghurt) - Pouch;Yogurt;PT. GREAT GIANT PINEAPPLE;ID00410000164140921;09/01/2025
PRD-332;Hometown Yogurt Rasa Tiramisu (Tiramisu Yoghurt);Yogurt;PT. GREAT GIANT PINEAPPLE;ID00410000164140921;09/01/2025
PRD-333;Yogurt Rasa Tiramisu (Tiramisu Yoghurt);Yogurt;PT. GREAT GIANT PINEAPPLE;ID00410000164140921;09/01/2025
PRD-334;Hometown Yogurt Rasa Matcha (Matcha Yoghurt);Yogurt;PT. GREAT GIANT PINEAPPLE;ID00410000164140921;09/01/2025
PRD-335;Yogurt Rasa Matcha (Matcha Yoghurt);Yogurt;PT. GREAT GIANT PINEAPPLE;ID00410000164140921;09/01/2025
PRD-336;Re.juve Yogurt Rasa Matcha (Matcha Yoghurt);Yogurt;PT. GREAT GIANT PINEAPPLE;ID00410000164140921;09/01/2025
PRD-337;Re.juve Yogurt Rasa Vanilla (Vanilla Yoghurt);Yogurt;PT. GREAT GIANT PINEAPPLE;ID00410000164140921;09/01/2025
PRD-338;Yogurt Original (Original Yoghurt);Yogurt;PT. GREAT GIANT PINEAPPLE;ID00410000164140921;09/01/2025
PRD-339;MINYAK GORENG SAWIT RANGKAS BOTOL 100 ML;Minyak Goreng;PT. FATHIR BERKAH MADINAH;ID36110076790720626;19/06/2026
PRD-340;MINYAK GORENG SAWIT RANGKAS BOTOL 300 ML;Minyak Goreng;PT. FATHIR BERKAH MADINAH;ID36110076790720626;19/06/2026
PRD-341;MINYAK GORENG SAWIT RANGKAS BOTOL 220 ML;Minyak Goreng;PT. FATHIR BERKAH MADINAH;ID36110076790720626;19/06/2026
PRD-342;MINYAK GORENG SAWIT RANGKAS BOTOL 200 ML;Minyak Goreng;PT. FATHIR BERKAH MADINAH;ID36110076790720626;19/06/2026
PRD-343;MINYAK GORENG SAWIT RANGKAS BOTOL 260 ML;Minyak Goreng;PT. FATHIR BERKAH MADINAH;ID36110076790720626;19/06/2026
PRD-344;MINYAK GORENG SAWIT RANGKAS BOTOL 500 ML;Minyak Goreng;PT. FATHIR BERKAH MADINAH;ID36110076790720626;19/06/2026
PRD-345;MINYAK GORENG SAWIT RANGKAS BOTOL 700 ML;Minyak Goreng;PT. FATHIR BERKAH MADINAH;ID36110076790720626;19/06/2026
PRD-346;MINYAK GORENG SAWIT RANGKAS BOTOL 800 ML;Minyak Goreng;PT. FATHIR BERKAH MADINAH;ID36110076790720626;19/06/2026
PRD-347;MINYAK GORENG SAWIT RANGKAS BOTOL 820 ML;Minyak Goreng;PT. FATHIR BERKAH MADINAH;ID36110076790720626;19/06/2026
PRD-348;Minyak Goreng Gorema Kemasan Standing Pouch 1 Liter;Minyak Goreng;PT. ANITA RHADIKA NUSANTARA;ID64110047936480326;13/03/2026
PRD-349;Minyak Goreng Gorema Kemasan Standing Pouch 2 Liter;Minyak Goreng;PT. ANITA RHADIKA NUSANTARA;ID64110047936480326;13/03/2026
PRD-350;Minyak Goreng Gorema Kemasan Jerigen Plastik 5 liter;Minyak Goreng;PT. ANITA RHADIKA NUSANTARA;ID64110047936480326;13/03/2026
PRD-351;Minyak Goreng Gorema Kemasan Jerigen Plastik 18 liter;Minyak Goreng;PT. ANITA RHADIKA NUSANTARA;ID64110047936480326;13/03/2026
PRD-352;Minyak Goreng Gorema Kemasan Jerigen Plastik 20 liter;Minyak Goreng;PT. ANITA RHADIKA NUSANTARA;ID64110047936480326;13/03/2026
PRD-353;Minyak Goreng Gorema Kemasan Botol Plastik ½ Liter;Minyak Goreng;PT. ANITA RHADIKA NUSANTARA;ID64110047936480326;13/03/2026
PRD-354;Minyak Goreng Gorema Kemasan Botol Plastik 400 mililiter;Minyak Goreng;PT. ANITA RHADIKA NUSANTARA;ID64110047936480326;13/03/2026
PRD-355;Minyak Goreng Gorema Kemasan Botol Plastik 800 mililiter;Minyak Goreng;PT. ANITA RHADIKA NUSANTARA;ID64110047936480326;13/03/2026
PRD-356;Minyak Goreng Gorema Kemasan Botol Plastik 950 mililiter;Minyak Goreng;PT. ANITA RHADIKA NUSANTARA;ID64110047936480326;13/03/2026
PRD-357;Minyak Goreng Gorema Kemasan Botol Plastik 1 Liter;Minyak Goreng;PT. ANITA RHADIKA NUSANTARA;ID64110047936480326;13/03/2026
PRD-358;Minyak Goreng Sawit Aroema Dapoer Standing Pouch 800 ml;Minyak Goreng;PT. KATAJI BERKAH SALUYU;ID32110036625211225;12/12/2025
PRD-359;Minyak Goreng Sawit Aroema Dapoer Standing Pouch 900 ml;Minyak Goreng;PT. KATAJI BERKAH SALUYU;ID32110036625211225;12/12/2025
PRD-360;Minyak Goreng Sawit Aroema Dapoer Standing Pouch 1000 ml;Minyak Goreng;PT. KATAJI BERKAH SALUYU;ID32110036625211225;12/12/2025
PRD-361;Minyak Goreng Sawit Aroema Dapoer Standing Pouch 1800 ml;Minyak Goreng;PT. KATAJI BERKAH SALUYU;ID32110036625211225;12/12/2025
PRD-362;Minyak Goreng Sawit Aroema Dapoer Standing Pouch 2000 ml;Minyak Goreng;PT. KATAJI BERKAH SALUYU;ID32110036625211225;12/12/2025
PRD-363;Minyak Goreng Janeneyma (Cooking Oil Janeneyma);Minyak Goreng;PT. KARYAINDAH ALAM SEJAHTERA;ID35410000092960321;11/12/2025
PRD-364;Minyak Goreng Aurelia (Cooking Oil Aurelia);Minyak Goreng;PT. KARYAINDAH ALAM SEJAHTERA;ID35410000092960321;11/12/2025
PRD-365;Minyak Goreng Na Super Tasty (Cooking Oil Na Super Tasty);Minyak Goreng;PT. KARYAINDAH ALAM SEJAHTERA;ID35410000092960321;11/12/2025
PRD-366;Minyak Goreng Premium (Cooking Oil Premium);Minyak Goreng;PT. KARYAINDAH ALAM SEJAHTERA;ID35410000092960321;11/12/2025
PRD-367;Minyak Goreng Royal Soleils (Cooking Oil Royal Soleils);Minyak Goreng;PT. KARYAINDAH ALAM SEJAHTERA;ID35410000092960321;11/12/2025
PRD-368;minyak goreng subur botol 800 mL;Minyak Goreng;PT. CIPTA PERMATA IBUNDA;ID16110016840441023;19/09/2025
PRD-369;minyak goreng subur botol 900 mL;Minyak Goreng;PT. CIPTA PERMATA IBUNDA;ID16110016840441023;19/09/2025
PRD-370;minyak goreng subur botol 1 L;Minyak Goreng;PT. CIPTA PERMATA IBUNDA;ID16110016840441023;19/09/2025
PRD-371;minyak goreng subur botol 2 liter;Minyak Goreng;PT. CIPTA PERMATA IBUNDA;ID16110016840441023;19/09/2025
PRD-372;Minyak goreng Tamer botol 2 liter;Minyak Goreng;PT. CIPTA PERMATA IBUNDA;ID16110016840441023;19/09/2025
PRD-373;Minyak Goreng Sawit TAMER Standing Pouch 450 mL;Minyak Goreng;PT. CIPTA PERMATA IBUNDA;ID16110016840441023;19/09/2025
PRD-374;Minyak Goreng TAMER botol 400 ml;Minyak Goreng;PT. CIPTA PERMATA IBUNDA;ID16110016840441023;19/09/2025
PRD-375;Minyak Goreng TAMER Botol 700ml;Minyak Goreng;PT. CIPTA PERMATA IBUNDA;ID16110016840441023;19/09/2025
PRD-376;Minyak Goreng TAMER Botol 800 ml;Minyak Goreng;PT. CIPTA PERMATA IBUNDA;ID16110016840441023;19/09/2025
PRD-377;Minyak Goreng TAMER botol 450 ml;Minyak Goreng;PT. CIPTA PERMATA IBUNDA;ID16110016840441023;19/09/2025
PRD-378;"Minyak Goreng Sawit ""MINYAKITA""";Minyak Goreng;PT. PERDANA SAWIT SUKSES;ID72210041078430126;21/06/2025
PRD-379;Minyak Goreng AJ22;Minyak Goreng;CV ANUGRAH JAYA DUA DUA;ID36110023023900625;18/06/2025
PRD-380;Minyak Goreng Merek RJA Botol plastik 250 ml;Minyak Goreng;CV. RIZAL JAYA ABADI;ID32110022988890625;16/06/2025
PRD-381;Minyak Goreng Merek RJA Botol plastik 500 ml;Minyak Goreng;CV. RIZAL JAYA ABADI;ID32110022988890625;16/06/2025
PRD-382;Minyak Goreng Merek RJA botol plastik 700 ml;Minyak Goreng;CV. RIZAL JAYA ABADI;ID32110022988890625;16/06/2025
PRD-383;Minyak Goreng Merek RJA botol plastik 800 ml;Minyak Goreng;CV. RIZAL JAYA ABADI;ID32110022988890625;16/06/2025
PRD-384;Minyak Goreng Merek RJA botol plastik 900 ml;Minyak Goreng;CV. RIZAL JAYA ABADI;ID32110022988890625;16/06/2025
PRD-385;Minyak Goreng Merek RJA botol plastik 1 L;Minyak Goreng;CV. RIZAL JAYA ABADI;ID32110022988890625;16/06/2025
PRD-386;Minyak Goreng Merek RJA botol plastik 2 L;Minyak Goreng;CV. RIZAL JAYA ABADI;ID32110022988890625;16/06/2025
PRD-387;Minyak Goreng Sawit Albi 17 Botol 900 ml;Minyak Goreng;PT. KEEMASAN SULTAN AGUNG;ID32110021606120425;21/04/2025
PRD-388;Minyak Goreng Sawit Albi 17 Botol 1000 ml;Minyak Goreng;PT. KEEMASAN SULTAN AGUNG;ID32110021606120425;21/04/2025
PRD-389;Minyak Goreng Sawit Albi 17 Botol 1800 ml;Minyak Goreng;PT. KEEMASAN SULTAN AGUNG;ID32110021606120425;21/04/2025
PRD-390;Minyak Goreng Sawit Albi 17 Botol 2000 ml;Minyak Goreng;PT. KEEMASAN SULTAN AGUNG;ID32110021606120425;21/04/2025
PRD-391;Minyak Goreng Sawit Albi 17 Jerigen 5 lt;Minyak Goreng;PT. KEEMASAN SULTAN AGUNG;ID32110021606120425;21/04/2025
PRD-392;Minyak Goreng Sawit Albi 17 Jerigen 10 lt;Minyak Goreng;PT. KEEMASAN SULTAN AGUNG;ID32110021606120425;21/04/2025
PRD-393;Minyak Goreng Sawit Albi 17 Jerigen 15 lt;Minyak Goreng;PT. KEEMASAN SULTAN AGUNG;ID32110021606120425;21/04/2025
PRD-394;Minyak Goreng Sawit Albi 17 Jerigen 18 lt;Minyak Goreng;PT. KEEMASAN SULTAN AGUNG;ID32110021606120425;21/04/2025
PRD-395;Minyak Goreng Sawit Albi 17 Jerigen 20 lt;Minyak Goreng;PT. KEEMASAN SULTAN AGUNG;ID32110021606120425;21/04/2025
PRD-396;Minyak Goreng Sawit Albi 17 Standing Pouch 100 ml;Minyak Goreng;PT. KEEMASAN SULTAN AGUNG;ID32110021606120425;21/04/2025
PRD-397;Minyak Goreng Kilau Mas Jerigen 25 Liter;Minyak Goreng;PT. TUNASAGRO INDOLESTARI;ID36310000266450422;03/03/2025
PRD-398;Minyak Goreng Zulfikar Jerigen 25 Liter;Minyak Goreng;PT. TUNASAGRO INDOLESTARI;ID36310000266450422;03/03/2025
PRD-399;Minyak Goreng Fetta Gelas 210 mL;Minyak Goreng;PT. TUNASAGRO INDOLESTARI;ID36310000266450422;03/03/2025
PRD-400;Minyak Goreng Arwana Gelas 210 mL;Minyak Goreng;PT. TUNASAGRO INDOLESTARI;ID36310000266450422;03/03/2025
PRD-401;Minyak Goreng Bulan Sabit Gelas 210 mL;Minyak Goreng;PT. TUNASAGRO INDOLESTARI;ID36310000266450422;03/03/2025
PRD-402;Minyak Goreng Saudara Kita Gelas 210 mL;Minyak Goreng;PT. TUNASAGRO INDOLESTARI;ID36310000266450422;03/03/2025
PRD-403;Minyak Goreng Minyakita Standing Pouch 1 Liter;Minyak Goreng;PT. TUNASAGRO INDOLESTARI;ID36310000266450422;03/03/2025
PRD-404;Minyak Goreng Minyakita Standing Pouch 2 Liter;Minyak Goreng;PT. TUNASAGRO INDOLESTARI;ID36310000266450422;03/03/2025
PRD-405;Minyak Goreng Zulfikar Standing Pouch 1 Liter;Minyak Goreng;PT. TUNASAGRO INDOLESTARI;ID36310000266450422;03/03/2025
PRD-406;Minyak Goreng Kilau Mas Standing Pouch 1 Liter;Minyak Goreng;PT. TUNASAGRO INDOLESTARI;ID36310000266450422;03/03/2025
PRD-407;Minyak Goreng Minyakita Botol Plastik 1800 ml;Minyak Goreng;PT. WIJAYA PANGAN NUSANTARA;ID36410021149181024;22/01/2025
PRD-408;Minyak Goreng Minyakita Botol Plastik 2 L;Minyak Goreng;PT. WIJAYA PANGAN NUSANTARA;ID36410021149181024;22/01/2025
PRD-409;Minyak Goreng Minyakita Botol Plastik 5 L;Minyak Goreng;PT. WIJAYA PANGAN NUSANTARA;ID36410021149181024;22/01/2025
PRD-410;Minyak Goreng Minyakita Botol Plastik 10 L;Minyak Goreng;PT. WIJAYA PANGAN NUSANTARA;ID36410021149181024;22/01/2025
PRD-411;Minyak Goreng Minyakita Botol Plastik 20 L;Minyak Goreng;PT. WIJAYA PANGAN NUSANTARA;ID36410021149181024;22/01/2025
PRD-412;Minyak Goreng Minyakita Pouch 250 ml;Minyak Goreng;PT. WIJAYA PANGAN NUSANTARA;ID36410021149181024;22/01/2025
PRD-413;Minyak Goreng Minyakita Pouch 300 ml;Minyak Goreng;PT. WIJAYA PANGAN NUSANTARA;ID36410021149181024;22/01/2025
PRD-414;Minyak Goreng Minyakita Pouch 330 ml;Minyak Goreng;PT. WIJAYA PANGAN NUSANTARA;ID36410021149181024;22/01/2025
PRD-415;Minyak Goreng Minyakita Pouch 450 ml;Minyak Goreng;PT. WIJAYA PANGAN NUSANTARA;ID36410021149181024;22/01/2025
PRD-416;Minyak Goreng Minyakita Pouch 500 ml;Minyak Goreng;PT. WIJAYA PANGAN NUSANTARA;ID36410021149181024;22/01/2025
PRD-417;Minyak Goreng Funfry Gold (Cooking Oil Funfry Gold);Minyak Goreng;PT. Karyaindah Alam Sejahtera;ID35410000092960321;23/10/2024
PRD-418;Minyak Goreng Maxwill (Cooking Oil Maxwill);Minyak Goreng;PT. Karyaindah Alam Sejahtera;ID35410000092960321;23/10/2024
PRD-419;Minyak Goreng Taffy (Cooking Oil Taffy);Minyak Goreng;PT. Karyaindah Alam Sejahtera;ID35410000092960321;23/10/2024
PRD-420;Minyak Goreng Yete Jallow (Cooking Oil Yete Jallow);Minyak Goreng;PT. Karyaindah Alam Sejahtera;ID35410000092960321;23/10/2024
PRD-421;Minyak Goreng Green Rose (Cooking Oil Green Rose);Minyak Goreng;PT. Karyaindah Alam Sejahtera;ID35410000092960321;23/10/2024
PRD-422;Minyak Goreng Dulzer (Cooking Oil Dulzer);Minyak Goreng;PT. Karyaindah Alam Sejahtera;ID35410000092960321;23/10/2024
PRD-423;Minyak Goreng Bakerdream (Cooking Oil Bakerdream);Minyak Goreng;PT. Karyaindah Alam Sejahtera;ID35410000092960321;23/10/2024
PRD-424;Minyak Goreng Baker Dream (Cooking Oil Baker Dream);Minyak Goreng;PT. Karyaindah Alam Sejahtera;ID35410000092960321;23/10/2024
PRD-425;Minyak Goreng Jing Yi (Cooking Oil Jing Yi);Minyak Goreng;PT. Karyaindah Alam Sejahtera;ID35410000092960321;23/10/2024
PRD-426;Minyak Goreng Abu Agil (Cooking Oil Abu Agil);Minyak Goreng;PT. Karyaindah Alam Sejahtera;ID35410000092960321;23/10/2024
PRD-427;Minyak Goreng Sawit “RAGAMI” Standing Pouch : 400ml, 450ml, 500ml, 550ml, 600ml, 650ml, 700ml, 750ml, 800ml, 850ml, 900ml, 950ml, 1000ml, 1500ml, 1800ml, 2000ml;Minyak Goreng;PT. BUMI OLEIN SUKSES SEJAHTERA;ID32210018477230624;10/07/2024
PRD-428;Minyak Goreng Sawit “MARCELI” Botol : 400ml, 450ml, 500ml, 550ml, 600ml, 650ml, 700ml, 750ml, 800ml, 900 ml, 950ml, 1000ml, 1500ml, 1800ml, 2000ml;Minyak Goreng;PT. BUMI OLEIN SUKSES SEJAHTERA;ID32210018477230624;10/07/2024
PRD-429;Minyak Goreng Sawit “MARCELI” Jeriken : 900ml, 1000ml, 1800ml, 2000ml, 4500ml, 5000ml, 10L, 18L, 20L, 25L;Minyak Goreng;PT. BUMI OLEIN SUKSES SEJAHTERA;ID32210018477230624;10/07/2024
PRD-430;Minyak Goreng Sawit “MARCELI” Standing Pouch : 400ml, 450ml, 500ml, 550ml, 600ml, 650ml, 700ml, 750ml, 800ml, 850ml, 900ml, 950ml, 1000ml, 1500ml, 1800ml, 2000ml;Minyak Goreng;PT. BUMI OLEIN SUKSES SEJAHTERA;ID32210018477230624;10/07/2024
PRD-431;Minyak Goreng Sawit “RAMSIA” Botol : 400ml, 450ml, 500ml, 550ml, 600ml, 650ml, 700ml, 750ml, 800ml, 900 ml, 950ml, 1000ml, 1500ml, 1800ml, 2000ml;Minyak Goreng;PT. BUMI OLEIN SUKSES SEJAHTERA;ID32210018477230624;10/07/2024
PRD-432;Minyak Goreng Sawit “RAMSIA” Jeriken : 900ml, 1000ml, 1800ml, 2000ml, 4500ml, 5000ml, 10L, 18L, 20L, 25L;Minyak Goreng;PT. BUMI OLEIN SUKSES SEJAHTERA;ID32210018477230624;10/07/2024
PRD-433;Minyak Goreng Sawit “RAMSIA” Standing Pouch : 400ml, 450ml, 500ml, 550ml, 600ml, 650ml, 700ml, 750ml, 800ml, 850ml, 900ml, 950ml, 1000ml, 1500ml, 1800ml, 2000ml;Minyak Goreng;PT. BUMI OLEIN SUKSES SEJAHTERA;ID32210018477230624;10/07/2024
PRD-434;Minyak Goreng Sawit “MINYAKITA” Botol : 400ml, 450ml, 500ml, 550ml, 600ml, 650ml, 700ml, 750ml, 800ml, 900 ml, 950ml, 1000ml, 1500ml, 1800ml, 2000ml;Minyak Goreng;PT. BUMI OLEIN SUKSES SEJAHTERA;ID32210018477230624;10/07/2024
PRD-435;Minyak Goreng Sawit “MINYAKITA” Standing Pouch : 400ml, 450ml, 500ml, 550ml, 600ml, 650ml, 700ml, 750ml, 800ml, 850ml, 900ml, 950ml, 1000ml, 1500ml, 1800ml, 2000ml;Minyak Goreng;PT. BUMI OLEIN SUKSES SEJAHTERA;ID32210018477230624;10/07/2024
PRD-436;Minyak Goreng Sawit “MINYAKITA” Jeriken : 900ml, 1000ml, 1800ml, 2000ml, 4500ml, 5000ml, 10L, 18L, 20L, 25L;Minyak Goreng;PT. BUMI OLEIN SUKSES SEJAHTERA;ID32210018477230624;10/07/2024
PRD-437;Biskuit Roma Marie Susu Gold;Biskuit;SPPG SEMARANG TENGARAN SUGIHAN;ID33110040250970126;20/06/2026
PRD-438;Biskuit;Biskuit;YAYASAN BAKTI PANCA KARYA - SPPG KOTA CIMAHI CIMAHI UTARA CITEUREUP 3;ID32110064611500426;01/05/2026
PRD-439;AICE – Es Susu Cone Rasa Vanila dengan Taburan Biskuit Kukis (Vanilla Flavored Cone Ice Milk With Cookies Granules) (Bingo Cookies Cone);Biskuit;PT. AICE ICE CREAM JATIM INDUSTRY;ID00410000261620722;01/05/2026
PRD-440;BISKUIT RITZ KEJU;Biskuit;SPPG KUNINGAN CIMAHI SUKAJAYA;ID32210064412100426;01/05/2026
PRD-441;Biskuit Milna;Biskuit;SPPG POLRES BENGKALIS;ID14110064181740426;01/05/2026
PRD-442;Biskuit Sun;Biskuit;SPPG POLRES BENGKALIS;ID14110064181740426;01/05/2026
PRD-443;Milna Biskuit;Biskuit;SPPG POLRES BENGKALIS;ID14110064181740426;01/05/2026
PRD-444;Roma Biskuit Kelapa;Biskuit;SPPG POLRES BENGKALIS;ID14110064181740426;01/05/2026
PRD-445;Biskuit;Biskuit;SPPG POLRES BENGKALIS;ID14110064181740426;01/05/2026
PRD-446;Biskuit Bayi;Biskuit;SPPG BEKASI SERANG BARU JAYAMULYA 2 (YAYASAN ALINSYIRAH FIRDAUSY MOBAROK);ID32110053536920426;08/04/2026
PRD-447;Pasta Kacang Hijau Rasa Biskuit Kayu Manis Welco;Biskuit;PT. WELCO;ID35410053509560426;08/04/2026
PRD-448;Biskuit;Biskuit;SPPG BULUH TUMBANG;ID19110053343290426;08/04/2026
PRD-449;Biskuit Milna;Biskuit;SPPG KARANG MARITIM 2 SRENGSEM PANJANG;ID18110053358380426;07/04/2026
PRD-450;Biskuit Sun;Biskuit;SPPG KARANG MARITIM 2 SRENGSEM PANJANG;ID18110053358380426;07/04/2026
PRD-451;Biskuit Regal;Biskuit;SPPG KARANG MARITIM 2 SRENGSEM PANJANG;ID18110053358380426;07/04/2026
PRD-452;Biskuit Regal;Biskuit;SPPG KOTA PEKANBARU TUAH MADANI SIDOMULYO BARAT 1 (YAYASAN KASIH INDONESIA SEHAT);ID14110047174630326;10/03/2026
PRD-453;Biskuit Triple Joy;Biskuit;SPPG KOTA PEKANBARU TUAH MADANI SIDOMULYO BARAT 1 (YAYASAN KASIH INDONESIA SEHAT);ID14110047174630326;10/03/2026
PRD-454;Oat Biskuit Naraya;Biskuit;SPPG KOTA PEKANBARU TUAH MADANI SIDOMULYO BARAT 1 (YAYASAN KASIH INDONESIA SEHAT);ID14110047174630326;10/03/2026
PRD-455;Biskuit;Biskuit;SPPG DUMAI KOTA (YAYASAN KASIH INDONESIA SEHAT);ID14110047176550326;10/03/2026
PRD-456;Biskuit Balita;Biskuit;SPPG DUMAI KOTA (YAYASAN KASIH INDONESIA SEHAT);ID14110047176550326;10/03/2026
PRD-457;Biskuit;Biskuit;SPPG UMBAN SARI 02 (YAYASAN KARTIKA PEDULI INDONESIA);ID14110047178140326;10/03/2026
PRD-458;Biskuit Balita;Biskuit;SPPG UMBAN SARI 02 (YAYASAN KARTIKA PEDULI INDONESIA);ID14110047178140326;10/03/2026
PRD-459;Biskuit;Biskuit;SPPG UMBAN SARI 02 (YAYASAN KARTIKA PEDULI INDONESIA);ID14110047180850326;10/03/2026
PRD-460;Biskuit Milna;Biskuit;SPPG ROKAN HULU BANGUN PURBA BANGUN PURBA TIMUR JAYA;ID14110047279290326;10/03/2026
PRD-461;Biskuit SUN;Biskuit;SPPG ROKAN HULU BANGUN PURBA BANGUN PURBA TIMUR JAYA;ID14110047279290326;10/03/2026
PRD-462;BISKUIT SARI GANDUM;Biskuit;SPPG BANDAR NEGERI LABUHAN MARINGGAI;ID18110043148510226;18/02/2026
PRD-463;BISKUIT PROMINA PUFFS;Biskuit;SPPG BANDAR NEGERI LABUHAN MARINGGAI;ID18110043148510226;18/02/2026
PRD-464;BISKUIT ROMA KELAPA;Biskuit;SPPG BANDAR NEGERI LABUHAN MARINGGAI;ID18110043148510226;18/02/2026
PRD-465;Biskuit Gem Kembang Rasa Nanas Miraos Snack;Biskuit;UD MM JAYA;ID36110043106960226;17/02/2026
PRD-466;Biskuit Coklat;Biskuit;SPPG BANYUASIN TALANG KELAPA TALANG KERAMAT;ID16110040759430126;28/01/2026
PRD-467;Biskuit Regal;Biskuit;SPPG BANYUASIN TALANG KELAPA TALANG KERAMAT;ID16110040759430126;28/01/2026
PRD-468;Biskuit Roma Malkist;Biskuit;SPPG BANYUASIN TALANG KELAPA TALANG KERAMAT;ID16110040759430126;28/01/2026
PRD-469;BISKUIT;Biskuit;SPPG BANYUMAS CANDIPURO;ID18110040807020126;28/01/2026
PRD-470;BISKUIT;Biskuit;SPPG SUMBEREJO;ID18110040807070126;28/01/2026
PRD-471;Biskuit - SPPG Kota Serang Kasemen Kasunyatan;Biskuit;YAYASAN BINA PRESTASI (SPPG KOTA SERANG KASEMEN KASUNYATAN);ID36110040773040126;28/01/2026
PRD-472;BISKUIT;Biskuit;SPPG KOTA BANDUNG GEDEBAGE RANCABOLANG - YAYASAN KARYA BAKTI GENERASI EMAS;ID32110040771480126;28/01/2026
PRD-473;BISKUIT REGAL;Biskuit;SPPG TULUS HATI MULYOREJO II;ID18110040808090126;28/01/2026
PRD-474;BISKUIT ROMA KELAPA;Biskuit;SPPG TULUS HATI MULYOREJO II;ID18110040808090126;28/01/2026
PRD-475;BISKUIT MARIE;Biskuit;SPPG BUKIT RAYA, AIR DINGIN;ID33110038950490126;08/01/2026
PRD-476;BISKUIT SARI GANDUM;Biskuit;SPPG BUKIT RAYA, AIR DINGIN;ID33110038950490126;08/01/2026
PRD-477;Kue Biskuit;Biskuit;SPPG KOTA MAKASSAR UJUNG PANDANG MALOKU;ID32210038882610126;07/01/2026
PRD-478;Biskuit marie regal;Biskuit;SPPG CIANJUR CILAKU RANCAGOONG II;ID32210038872630126;07/01/2026
PRD-479;SUN biskuit marie susu;Biskuit;SPPG CIANJUR CILAKU RANCAGOONG II;ID32210038872630126;07/01/2026
PRD-480;Biskuit Malkits;Biskuit;SPPG BENGKALIS RUPAT BATU PANJANG (YAYASAN RIAU PESISIR SEJAHTERA);ID14110037123391225;14/12/2025
PRD-481;Biskuit Marie Susu;Biskuit;SPPG BENGKALIS RUPAT BATU PANJANG (YAYASAN RIAU PESISIR SEJAHTERA);ID14110037123391225;14/12/2025
PRD-482;Biskuit;Biskuit;SPPG KAMPAR KOTO KAMPAR HULU SIBERUANG YAYASAN JEFRY NOER MADANI;ID14210037140671225;14/12/2025
PRD-483;Biskuit (Snack Kering);Biskuit;SPPG KEBUMEN SEMPOR SEMALI;ID33110036822331225;13/12/2025
PRD-484;Biskuit;Biskuit;SPPG KARANGANYAR GONDANGREJO DAYU;ID32210036822351225;13/12/2025
PRD-485;BISKUIT KEMASAN;Biskuit;SPPG KOTA PEKALONGAN PEKALONGAN BARAT PRINGREJO;ID33110036799901225;13/12/2025
PRD-486;Biskuit;Biskuit;SPPG KOTA SEMARANG PEDURUNGAN PLAMONGANSARI 2;ID34110036799881225;13/12/2025
PRD-487;Biskuit Kemasan;Biskuit;SPPG KOTA SEMARANG NGALIYAN WONOSARI 3;ID33210036799831225;13/12/2025
PRD-488;Biskuit Nissin;Biskuit;SPPG INDRAGIRI HILIR TEMBILAHAN HULU TEMBILAHAN HULU 3 (DAPUR POLRES INDRAGIRI HILIR);ID14110035295371125;30/11/2025
PRD-489;Biskuit;Biskuit;SPPG INDRAGIRI HILIR KEMPAS SUNGAI GANTANG 2 (YAYASAN  PENDIDIKAN ISLAM TERPADU ROBBANI - CV. NAJWATUL HAFIZAH);ID14110035304391125;30/11/2025
PRD-490;Biskuit Gabin;Biskuit;SPPG INDRAGIRI HILIR KEMPAS SUNGAI GANTANG 2 (YAYASAN  PENDIDIKAN ISLAM TERPADU ROBBANI - CV. NAJWATUL HAFIZAH);ID14110035304391125;30/11/2025
PRD-491;Biskuit Sari Gandum;Biskuit;SPPG INDRAGIRI HILIR KEMPAS SUNGAI GANTANG 2 (YAYASAN  PENDIDIKAN ISLAM TERPADU ROBBANI - CV. NAJWATUL HAFIZAH);ID14110035304391125;30/11/2025
PRD-492;Biskuit Roma Sari Gandum;Biskuit;SPPG INDRAGIRI HILIR KEMPAS SUNGAI GANTANG 2 (YAYASAN  PENDIDIKAN ISLAM TERPADU ROBBANI - CV. NAJWATUL HAFIZAH);ID14110035304391125;30/11/2025
PRD-493;Biskuit Malkist;Biskuit;SPPG INDRAGIRI HILIR KEMPAS SUNGAI GANTANG 2 (YAYASAN  PENDIDIKAN ISLAM TERPADU ROBBANI - CV. NAJWATUL HAFIZAH);ID14110035304391125;30/11/2025
PRD-494;Biskuit Marie;Biskuit;SPPG INDRAGIRI HILIR KEMPAS SUNGAI GANTANG 2 (YAYASAN  PENDIDIKAN ISLAM TERPADU ROBBANI - CV. NAJWATUL HAFIZAH);ID14110035304391125;30/11/2025
PRD-495;Biskuit Marie;Biskuit;SPPG TITIAN RESAK 2;ID14110035304561125;30/11/2025
PRD-496;Biskuit Biskuat;Biskuit;SPPG INDRAGIRI HILIR KEMPAS HARAPAN TANI (YAYASAN MASYARAKAT  GOTONG ROYONG GANGSAL INHIL MADANI);ID14110035304911125;30/11/2025
PRD-497;Biskuit Marie Susu Regal;Biskuit;SPPG INDRAGIRI HILIR KEMPAS HARAPAN TANI (YAYASAN MASYARAKAT  GOTONG ROYONG GANGSAL INHIL MADANI);ID14110035304911125;30/11/2025
PRD-498;UBM Rose Chocolate - Biskuit Rose Cokelat dengan Krim Cokelat;Biskuit;PT. UNITED WARU BISCUIT MANUFACTORY;ID00410000228140820;29/10/2025
PRD-499;ARROW Rose Chocolate - Biskuit Rose Cokelat dengan Krim Cokelat;Biskuit;PT. UNITED WARU BISCUIT MANUFACTORY;ID00410000228140820;29/10/2025
PRD-500;HOCKGUAN Rose Chocolate - Biskuit Rose Cokelat dengan Krim Cokelat;Biskuit;PT. UNITED WARU BISCUIT MANUFACTORY;ID00410000228140820;29/10/2025
PRD-501;BORNEO Rose Chocolate - Biskuit Rose Cokelat dengan Krim Cokelat;Biskuit;PT. UNITED WARU BISCUIT MANUFACTORY;ID00410000228140820;29/10/2025
PRD-502;UBM Chocolate Cream - Biskuit Cokelat dengan Krim Cokelat;Biskuit;PT. UNITED WARU BISCUIT MANUFACTORY;ID00410000228140820;29/10/2025
PRD-503;ARROW Chocolate Cream - Biskuit Cokelat dengan Krim Cokelat;Biskuit;PT. UNITED WARU BISCUIT MANUFACTORY;ID00410000228140820;29/10/2025
PRD-504;BORNEO Chocolate Cream - Biskuit Cokelat dengan Krim Cokelat;Biskuit;PT. UNITED WARU BISCUIT MANUFACTORY;ID00410000228140820;29/10/2025
PRD-505;UBM Biscuit Durian - Biskuit Rasa Durian;Biskuit;PT. UNITED WARU BISCUIT MANUFACTORY;ID00410000228140820;29/10/2025
PRD-506;ARROW Biscuit Durian - Biskuit Rasa Durian;Biskuit;PT. UNITED WARU BISCUIT MANUFACTORY;ID00410000228140820;29/10/2025
PRD-507;HOCKGUAN Biscuit Durian - Biskuit Rasa Durian;Biskuit;PT. UNITED WARU BISCUIT MANUFACTORY;ID00410000228140820;29/10/2025
PRD-508;Beras Premium Mentik Wangi Susu ( AS- Arunika Sawantara );Susu;ANWAR MAHENDRA GROUP;ID33110076794240626;20/06/2026
PRD-509;Jagung susu keju;Susu;SPPG LAMONGAN NGIMBANG LAWAK;ID35210076766020626;20/06/2026
PRD-510;Kuah Susu + Gula;Susu;SPPG Kota Semarang Ngaliyan Gondoriyo 02;ID33110076786420626;20/06/2026
PRD-511;Susu Ultramilk Full Cream;Susu;SPPG SEMARANG TENGARAN SUGIHAN;ID33110040250970126;20/06/2026
PRD-512;Susu Cimory Biskuit Marie;Susu;SPPG SEMARANG TENGARAN SUGIHAN;ID33110040250970126;20/06/2026
PRD-513;⁠Jagung Susu Keju;Susu;SPPG KARANGANYAR TAWANGMANGU KALISORO;ID33110076758200626;20/06/2026
PRD-514;Susu;Susu;SPPG GROBOGAN GROBOGAN GROBOGAN 03;ID33210076759570626;20/06/2026
PRD-515;Puding Susu Melon;Susu;SPPG JEPARA JEPARA KARANGKEBAGUSAN;ID33110076755380626;20/06/2026
PRD-516;Susu Dalam Kemasan;Susu;SPPG JEPARA JEPARA KARANGKEBAGUSAN;ID33110076755380626;20/06/2026
PRD-517;Susu UHT;Susu;SPPG SUKOHARJO GROGOL GEDANGAN;ID33110076750790626;20/06/2026
PRD-518;Puding Susu;Susu;SPPG Jepara Pecangaan Pulodarat Yayasan Nurul Huda Menganti;ID33110076773780626;19/06/2026
PRD-519;Susu Plain;Susu;SPPG KENDAL PLANTUNGAN TIRTOMULYO 3;ID33110076767320626;19/06/2026
PRD-520;Susu Kedelai;Susu;SPPG KENDAL PLANTUNGAN TIRTOMULYO 3;ID33110076767320626;19/06/2026
PRD-521;SUSU;Susu;SPPG MINAHASA TOMPASO TALIKURAN (YAYASAN ROVELAM PEDULI MANADO);ID71210076766960626;19/06/2026
PRD-522;MAKANAN KERING ( SARI GANDUM, TELUR, SUSU, PISANG, BONITA );Susu;SPPG MINAHASA TOMPASO TALIKURAN (YAYASAN ROVELAM PEDULI MANADO);ID71210076766960626;19/06/2026
PRD-523;Susu UHT;Susu;SPPG Jegu Sutojayan Blitar;ID35210076766950626;19/06/2026
PRD-524;ROTI ABON, BISKUIT MARIE, JERUK, SUSU;Susu;SPPG Kota Magelang Magelang Utara Kedungsari;ID33110076766920626;19/06/2026
PRD-525;Roti Susu;Susu;SPPG RANCATUNGKU 001;ID32110076695810626;18/06/2026
PRD-526;Puding Susu Buah Naga;Susu;SPPG RANCATUNGKU 001;ID32110076695810626;18/06/2026
PRD-527;Pudding Susu;Susu;SPPG SADAR JAYA (YAYASAN HARAPAN RAYA MANDIRI);ID14110076456250626;13/06/2026
PRD-528;Susu Ibu Hamil;Susu;SPPG SADAR JAYA (YAYASAN HARAPAN RAYA MANDIRI);ID14110076456250626;13/06/2026
PRD-529;Susu;Susu;SPPG SADAR JAYA (YAYASAN HARAPAN RAYA MANDIRI);ID14110076456250626;13/06/2026
PRD-530;Puding Susu + Buah;Susu;SPPG SIAK MINAS MINAS JAYA (YAYASAN AMANAH GIZI RIAU);ID14110076456200626;13/06/2026
PRD-531;Susu Ibu Hamil;Susu;SPPG SIAK MINAS MINAS JAYA (YAYASAN AMANAH GIZI RIAU);ID14110076456200626;13/06/2026
PRD-532;Susu;Susu;SPPG SIAK MINAS MINAS JAYA (YAYASAN AMANAH GIZI RIAU);ID14110076456200626;13/06/2026
PRD-533;PUDING SUSU BUAH NAGA;Susu;SPPG BINTORO 2 PATRANG, JEMBER;ID35110076328580626;10/06/2026
PRD-534;SUSU;Susu;SPPG BINTORO 2 PATRANG, JEMBER;ID35110076328580626;10/06/2026
PRD-535;KANEKA Margarine BP 20 GM;Margarin;PT. KANEKA FOODS INDONESIA;ID00410000606790822;13/06/2026
PRD-536;KANEKA Margarine Soft 25 IG;Margarin;PT. KANEKA FOODS INDONESIA;ID00410000606790822;13/06/2026
PRD-537;KANEKA Margarine Cake 25 GM;Margarin;PT. KANEKA FOODS INDONESIA;ID00410000606790822;13/06/2026
PRD-538;KANEKA Margarine Sweet 25 G;Margarin;PT. KANEKA FOODS INDONESIA;ID00410000606790822;13/06/2026
PRD-539;KANEKA Margarine 25 BP;Margarin;PT. KANEKA FOODS INDONESIA;ID00410000606790822;13/06/2026
PRD-540;KANEKA Margarine Sheet 15 G 1;Margarin;PT. KANEKA FOODS INDONESIA;ID00410000606790822;13/06/2026
PRD-541;KANEKA Margarine Sheet 15 F 1;Margarin;PT. KANEKA FOODS INDONESIA;ID00410000606790822;13/06/2026
PRD-542;KANEKA Margarine 25 F;Margarin;PT. KANEKA FOODS INDONESIA;ID00410000606790822;13/06/2026
PRD-543;KANEKA Margarine 25 G;Margarin;PT. KANEKA FOODS INDONESIA;ID00410000606790822;13/06/2026
PRD-544;KANEKA Margarine Sheet 25 G;Margarin;PT. KANEKA FOODS INDONESIA;ID00410000606790822;13/06/2026
PRD-545;Baker 999 Margarine;Margarin;PT. KARYAINDAH ALAM SEJAHTERA;ID35410000092960321;11/12/2025
PRD-546;Margarine Salesa (margarin Salesa);Margarin;PT. KARYAINDAH ALAM SEJAHTERA;ID35410000092960321;11/12/2025
PRD-547;Margarine Ginny (margarin Ginny);Margarin;PT. KARYAINDAH ALAM SEJAHTERA;ID35410000092960321;11/12/2025
PRD-548;Margarine Cash (margarin Cash);Margarin;PT. KARYAINDAH ALAM SEJAHTERA;ID35410000092960321;11/12/2025
PRD-549;Margarine Grace (margarin Grace);Margarin;PT. KARYAINDAH ALAM SEJAHTERA;ID35410000092960321;11/12/2025
PRD-550;Margarine Piyolan (margarin Piyolan);Margarin;PT. KARYAINDAH ALAM SEJAHTERA;ID35410000092960321;11/12/2025
PRD-551;Margarine Vikor (margarin Vikor);Margarin;PT. KARYAINDAH ALAM SEJAHTERA;ID35410000092960321;11/12/2025
PRD-552;TEMPE MARGARINE;Margarin;SPPG TULUNG PASIK;ID18110036119011225;07/12/2025
PRD-553;SWEDISH BEEF MEATBALL (DAGING SAPI, TEPUNG ROTI, TELUR, PALA, MERICA, MENTEGA/MARGARIN);Margarin;PT MANDALA ASTABOGA UTAMA;ID33210035951011225;06/12/2025
PRD-554;Margarine Zhen Zhi Wei (Margarin Zhen Zhi Wei);Margarin;PT. KARYAINDAH ALAM SEJAHTERA;ID35410000092960321;10/07/2025
PRD-555;Margarine Tasty Sawa (Margarin Testy Sawa);Margarin;PT. KARYAINDAH ALAM SEJAHTERA;ID35410000092960321;10/07/2025
PRD-556;Margarine Maxwill Gold (Margarin Maxwill Gold);Margarin;PT. KARYAINDAH ALAM SEJAHTERA;ID35410000092960321;10/07/2025
PRD-557;Margarine Khayria (Margarin Khayria);Margarin;PT. KARYAINDAH ALAM SEJAHTERA;ID35410000092960321;10/07/2025
PRD-558;Margarine Reine D Or (Margarin Reine D Or);Margarin;PT. KARYAINDAH ALAM SEJAHTERA;ID35410000092960321;10/07/2025
PRD-559;Margarine Excellent HRJ (Margarin Excellent HRJ);Margarin;PT. KARYAINDAH ALAM SEJAHTERA;ID35410000092960321;10/07/2025
PRD-560;Margarine Ola (Margarin Ola);Margarin;PT. KARYAINDAH ALAM SEJAHTERA;ID35410000092960321;10/07/2025
PRD-561;Margarine Madodo (Margarin Madodo);Margarin;PT. KARYAINDAH ALAM SEJAHTERA;ID35410000092960321;10/07/2025
PRD-562;Margarine De Hero (Margarin De Hero);Margarin;PT. KARYAINDAH ALAM SEJAHTERA;ID35410000092960321;10/07/2025
PRD-563;Margarine EL Sabroso (Margarin El Sabroso);Margarin;PT. KARYAINDAH ALAM SEJAHTERA;ID35410000092960321;10/07/2025
PRD-564;Margarine Britz (Margarin Britz);Margarin;PT. Karyaindah Alam Sejahtera;ID35410000092960321;23/10/2024
PRD-565;Margarine Royal Star (Margarin Royal Star);Margarin;PT. Karyaindah Alam Sejahtera;ID35410000092960321;23/10/2024
PRD-566;Margarine Cater King (Margarin Cater King);Margarin;PT. Karyaindah Alam Sejahtera;ID35410000092960321;23/10/2024
PRD-567;Margarine Sarama (Margarin Sarama);Margarin;PT. Karyaindah Alam Sejahtera;ID35410000092960321;23/10/2024
PRD-568;Margarine Zar A Premium Brand (Margarin Zar A Premium Brand);Margarin;PT. Karyaindah Alam Sejahtera;ID35410000092960321;23/10/2024
PRD-569;Margarine Zar (Margarin Zar);Margarin;PT. Karyaindah Alam Sejahtera;ID35410000092960321;23/10/2024
PRD-570;Margarine Hello (Margarin Hello);Margarin;PT. Karyaindah Alam Sejahtera;ID35410000092960321;23/10/2024
PRD-571;Margarine Nasreen (Margarin Nasreen);Margarin;PT. Karyaindah Alam Sejahtera;ID35410000092960321;23/10/2024
PRD-572;Margarine Bopar (Margarin Bopar);Margarin;PT. Karyaindah Alam Sejahtera;ID35410000092960321;23/10/2024
PRD-573;Margarine Sangomar (Margarin Sangomar);Margarin;PT. Karyaindah Alam Sejahtera;ID35410000092960321;23/10/2024
PRD-574;KANEKA Margarine AIO CM;Margarin;PT. KANEKA FOODS INDONESIA;ID00410000606790822;22/02/2024
PRD-575;KANEKA Cake Margarine;Margarin;PT. KANEKA FOODS INDONESIA;ID00410000606790822;22/02/2024
PRD-576;KANEKA Margarine Gateau;Margarin;PT. KANEKA FOODS INDONESIA;ID00410000606790822;22/02/2024
PRD-577;KANEKA Margarine Concentrated CH;Margarin;PT. KANEKA FOODS INDONESIA;ID00410000606790822;22/02/2024
PRD-578;KANEKA Margarine 25 G 6;Margarin;PT. KANEKA FOODS INDONESIA;ID00410000606790822;22/02/2024
PRD-579;KANEKA Margarine 25 G 7;Margarin;PT. KANEKA FOODS INDONESIA;ID00410000606790822;22/02/2024
PRD-580;KANEKA Margarine 25 G 8;Margarin;PT. KANEKA FOODS INDONESIA;ID00410000606790822;22/02/2024
PRD-581;Maman Margarine;Margarin;PT. ASIANAGRO AGUNGJAYA;ID00410000116491219;01/02/2024
PRD-582;Malinda Margarine for Philippines;Margarin;PT. Salim Ivomas Pratama Tbk;ID00410000054910420;21/07/2023
PRD-583;Simas Margarine NAFDAC;Margarin;PT. Salim Ivomas Pratama Tbk;ID00410000054910420;21/07/2023
PRD-584;Simas Margarine for Export;Margarin;PT. Salim Ivomas Pratama Tbk;ID00410000054910420;21/07/2023
PRD-585;Palmia Supercake Margarine Korea;Margarin;PT. Salim Ivomas Pratama Tbk;ID00410000054910420;21/07/2023
PRD-586;Palmia Margarine for China;Margarin;PT. Salim Ivomas Pratama Tbk;ID00410000054910420;21/07/2023
PRD-587;Palmia Margarine S China;Margarin;PT. Salim Ivomas Pratama Tbk;ID00410000054910420;21/07/2023
PRD-588;Palmia Margarine Philippines;Margarin;PT. Salim Ivomas Pratama Tbk;ID00410000054910420;21/07/2023
PRD-589;Margarine DF;Margarin;PT. Salim Ivomas Pratama Tbk;ID00410000054910420;21/07/2023
PRD-590;TFS Margarine;Margarin;PT. Salim Ivomas Pratama Tbk;ID00410000054910420;21/07/2023
PRD-591;HAJI LOLO FORVITA MARGARIN;Margarin;PT. SEJAHTERA HAJI LOLO FOODS;ID73110005821841222;17/07/2023
PRD-592;Margarine Nova Estrela;Margarin;PT. CITRA NUTRINDO LANGGENG;ID00410001312350722;15/12/2022
PRD-593;Margarine Jubi;Margarin;PT. CITRA NUTRINDO LANGGENG;ID00410001312350722;15/12/2022
PRD-594;Margarine Happy;Margarin;PT. CITRA NUTRINDO LANGGENG;ID00410001312350722;15/12/2022
PRD-595;Margarine Ma Tante;Margarin;PT. CITRA NUTRINDO LANGGENG;ID00410001312350722;15/12/2022
PRD-596;Margarine Unity;Margarin;PT. CITRA NUTRINDO LANGGENG;ID00410001312350722;15/12/2022
PRD-597;Margarine Zaren;Margarin;PT. CITRA NUTRINDO LANGGENG;ID00410001312350722;15/12/2022
PRD-598;Margarine Palm Prime;Margarin;PT. CITRA NUTRINDO LANGGENG;ID00410001312350722;15/12/2022
PRD-599;Margarine SU Light;Margarin;PT. CITRA NUTRINDO LANGGENG;ID00410001312350722;15/12/2022
PRD-600;Margarine Palmoma;Margarin;PT. CITRA NUTRINDO LANGGENG;ID00410001312350722;15/12/2022
PRD-601;Margarine Bongu;Margarin;PT. CITRA NUTRINDO LANGGENG;ID00410001312350722;15/12/2022
PRD-602;BOTI Roti Sisir Dengan Margarin Gula;Margarin;PT. NIPPON INDOSARI CORPINDO;ID00410000196610420;23/06/2022
PRD-603;SARI ROTI Roti Sisir Rasa Margarin Gula;Margarin;PT. NIPPON INDOSARI CORPINDO;ID00410000196610420;23/06/2022
PRD-604;SARI ROTI Roti Sisir Dengan Margarin Gula;Margarin;PT. NIPPON INDOSARI CORPINDO;ID00410000196610420;23/06/2022
PRD-605;BOTI Roti Sisir Rasa Margarin Gula;Margarin;PT. NIPPON INDOSARI CORPINDO;ID00410000196610420;23/06/2022
PRD-606;BOTI Roti Sisir Dengan Margarin Gula;Margarin;PT. NIPPON INDOSARI CORPINDO;ID00410000196610420;23/06/2022
PRD-607;SARI ROTI Roti Sisir Rasa Margarin Gula;Margarin;PT. NIPPON INDOSARI CORPINDO;ID00410000196610420;23/06/2022
PRD-608;SARI ROTI Roti Sisir Dengan Margarin Gula;Margarin;PT. NIPPON INDOSARI CORPINDO;ID00410000196610420;23/06/2022
PRD-609;BOTI Roti Sisir Rasa Margarin Gula;Margarin;PT. NIPPON INDOSARI CORPINDO;ID00410000196610420;23/06/2022
PRD-610;BOTI Roti Sisir Dengan Margarin Gula;Margarin;PT. NIPPON INDOSARI CORPINDO;ID00410000196610420;23/06/2022
PRD-611;SARI ROTI Roti Sisir Rasa Margarin Gula;Margarin;PT. NIPPON INDOSARI CORPINDO;ID00410000196610420;23/06/2022
PRD-612;BOTI Roti Isi Margarin Meses;Margarin;PT Nippon Indosari Corpindo, Tbk.;ID00410000196610420;30/09/2021
PRD-613;SARI ROTI Roti Kadet (TOZZIE) Roti Bagelen Margarin Gula;Margarin;PT Nippon Indosari Corpindo, Tbk.;ID00410000196610420;30/09/2021
PRD-614;SARI ROTI Roti Sandwich Isi Margarin dan Gula;Margarin;PT Nippon Indosari Corpindo, Tbk.;ID00410000196610420;30/09/2021
PRD-615;BOTI Roti Isi Margarin Gula;Margarin;PT Nippon Indosari Corpindo, Tbk.;ID00410000196610420;30/09/2021
PRD-616;BOTI Roti Isi Margarin Meses;Margarin;PT Nippon Indosari Corpindo, Tbk.;ID00410000196610420;30/09/2021
PRD-617;SARI ROTI Roti Kadet (TOZZIE) Roti Bagelen Margarin Gula;Margarin;PT Nippon Indosari Corpindo, Tbk.;ID00410000196610420;30/09/2021
PRD-618;SARI ROTI Roti Sandwich Isi Margarin dan Gula;Margarin;PT Nippon Indosari Corpindo, Tbk.;ID00410000196610420;30/09/2021
PRD-619;BOTI Roti Isi Margarin Gula;Margarin;PT Nippon Indosari Corpindo, Tbk.;ID00410000196610420;30/09/2021
PRD-620;BOTI Roti Isi Margarin Meses;Margarin;PT Nippon Indosari Corpindo, Tbk.;ID00410000196610420;30/09/2021
PRD-621;SARI ROTI Roti Kadet (TOZZIE) Roti Bagelen Margarin Gula;Margarin;PT Nippon Indosari Corpindo, Tbk.;ID00410000196610420;30/09/2021
PRD-622;SUNNCAKE MARGARINE;Margarin;SINAR MAS AGRO RESOURCES AND TECHNOLOGY Tbk;ID00410000188990621;02/09/2021
PRD-623;YUMMY-JOJO MARGARINE;Margarin;SINAR MAS AGRO RESOURCES AND TECHNOLOGY Tbk;ID00410000188990621;02/09/2021
PRD-624;FILMA MARGARINE (IE);Margarin;SINAR MAS AGRO RESOURCES AND TECHNOLOGY Tbk;ID00410000188990621;02/09/2021
PRD-625;FILMA MARGARINE (IE);Margarin;SINAR MAS AGRO RESOURCES AND TECHNOLOGY Tbk;ID00410000188990621;02/09/2021
PRD-626;PALMVITA MARGARINE TF;Margarin;SINAR MAS AGRO RESOURCES AND TECHNOLOGY Tbk;ID00410000188990621;02/09/2021
PRD-627;COYA MARGARINE;Margarin;SINAR MAS AGRO RESOURCES AND TECHNOLOGY Tbk;ID00410000188990621;02/09/2021
PRD-628;LIFE MARGARINE;Margarin;SINAR MAS AGRO RESOURCES AND TECHNOLOGY Tbk;ID00410000188990621;02/09/2021
PRD-629;COYA MARGARINE;Margarin;SINAR MAS AGRO RESOURCES AND TECHNOLOGY Tbk;ID00410000188990621;02/09/2021
PRD-630;FILMA MARGARINE SN;Margarin;SINAR MAS AGRO RESOURCES AND TECHNOLOGY Tbk;ID00410000188990621;02/09/2021
PRD-631;PALMVITA TF MARGARINE;Margarin;SINAR MAS AGRO RESOURCES AND TECHNOLOGY Tbk;ID00410000188990621;02/09/2021
